,Nom,PV,Atk,Def,AtkSpe,DefSpe,Vit
0,Bulbizarre,45,49,49,65,65,45
1,Herbizarre,60,62,63,80,80,60
2,Florizarre,80,82,83,100,100,80
3,Méga-Florizarre,80,100,123,122,120,80
4,Salamèche,39,52,43,60,50,65
5,Reptincel,58,64,58,80,65,80
6,Dracaufeu,78,84,78,109,85,100
7,Méga-Dracaufeu X,78,130,111,130,85,100
8,Méga-Dracaufeu Y,78,104,78,159,115,100
9,Carapuce,44,48,65,50,64,43
10,Carabaffe,59,63,80,65,80,58
11,Tortank,79,83,100,85,105,78
12,Méga-Tortank,79,103,120,135,115,78
13,Chenipan,45,30,35,20,20,45
14,Chrysacier,50,20,55,25,25,30
15,Papilusion,60,45,50,90,80,70
16,Aspicot,40,35,30,20,20,50
17,Coconfort,45,25,50,25,25,35
18,Dardargnan,65,90,40,45,80,75
19,Méga-Dardargnan,65,150,40,15,80,145
20,Roucool,40,45,40,35,35,56
21,Roucoups,63,60,55,50,50,71
22,Roucarnage,83,80,75,70,70,101
23,Méga-Roucarnage,83,80,80,135,80,121
24,Rattata,30,56,35,25,35,72
25,Rattata d'Alola,30,56,35,25,35,72
26,Rattatac,55,81,60,50,70,97
27,Rattatac d'Alola,75,71,70,40,80,77
28,Piafabec,40,60,30,31,31,70
29,Rapasdepic,65,90,65,61,61,100
30,Abo,35,60,44,40,54,55
31,Arbok,60,95,69,65,79,80
32,Pikachu,35,55,40,50,50,90
33,Raichu,60,90,55,90,80,110
34,Raichu d'Alola,60,85,50,95,85,110
35,Sabelette,50,75,85,20,30,40
36,Sabelette d'Alola,50,75,90,10,35,40
37,Sablaireau,75,100,110,45,55,65
38,Sablaireau d'Alola,75,100,120,25,65,65
39,Nidoran♀️,55,47,52,40,40,41
40,Nidorina,70,62,67,55,55,56
41,Nidoqueen,90,92,87,75,85,76
42,Nidoran♂️,46,57,40,40,40,50
43,Nidorino,61,72,57,55,55,65
44,Nidoking,81,102,77,85,75,85
45,Mélofée,70,45,48,60,65,35
46,Mélodelfe,95,70,73,95,90,60
47,Goupix,38,41,40,50,65,65
48,Goupix d'Alola,38,41,40,50,65,65
49,Feunard,73,76,75,81,100,100
50,Feunard d'Alola,73,67,75,81,100,109
51,Rondoudou,115,45,20,45,25,20
52,Grodoudou,140,70,45,85,50,45
53,Nosferapti,40,45,35,30,40,55
54,Nosferalto,75,80,70,65,75,90
55,Mystherbe,45,50,55,75,65,30
56,Ortide,60,65,70,85,75,40
57,Rafflesia,75,80,85,110,90,50
58,Paras,35,70,55,45,55,25
59,Parasect,60,95,80,60,80,30
60,Mimitoss,60,55,50,40,55,45
61,Aéromite,70,65,60,90,75,90
62,Taupiqueur,10,55,25,35,45,95
63,Taupiqueur d'Alola,10,55,30,35,45,90
64,Triopikeur,35,100,50,50,70,120
65,Triopikeur d'Alola,35,100,60,50,70,110
66,Miaouss,40,45,35,40,40,90
67,Miaouss d'Alola,40,35,35,50,40,90
68,Miaouss de Galar,50,65,55,40,40,40
69,Persian,65,70,60,65,65,115
70,Persian d'Alola,65,60,60,75,65,115
71,Psykokwak,50,52,48,65,50,55
72,Akwakwak,80,82,78,95,80,85
73,Férosinge,40,80,35,35,45,70
74,Colossinge,65,105,60,60,70,95
75,Caninos,55,70,45,70,50,60
76,Arcanin,90,110,80,100,80,95
77,Ptitard,40,50,40,40,40,90
78,Têtarte,65,65,65,50,50,90
79,Tartard,90,95,95,70,90,70
80,Abra,25,20,15,105,55,90
81,Kadabra,40,35,30,120,70,105
82,Alakazam,55,50,45,135,95,120
83,Méga-Alakazam,55,50,65,175,105,150
84,Machoc,70,80,50,35,35,35
85,Machopeur,80,100,70,50,60,45
86,Mackogneur,90,130,80,65,85,55
87,Chétiflor,50,75,35,70,30,40
88,Boustiflor,65,90,50,85,45,55
89,Empiflor,80,105,65,100,70,70
90,Tentacool,40,40,35,50,100,70
91,Tentacruel,80,70,65,80,120,100
92,Racaillou,40,80,100,30,30,20
93,Racaillou d'Alola,40,80,100,30,30,20
94,Gravalanch,55,95,115,45,45,35
95,Gravalanch d'Alola,55,95,115,45,45,35
96,Grolem,80,120,130,55,65,45
97,Grolem d'Alola,80,120,130,55,65,45
98,Ponyta,50,85,55,65,65,90
99,Ponyta de Galar,50,85,55,65,65,90
100,Galopa,65,100,70,80,80,105
101,Galopa de Galar,65,100,70,80,80,105
102,Ramoloss,90,65,65,40,40,15
103,Ramoloss de Galar,90,65,65,40,40,15
104,Flagadoss,95,75,110,100,80,30
105,Méga-Flagadoss,95,75,180,130,80,30
106,Flagadoss de Galar,95,100,95,100,70,30
107,Magnéti,25,35,70,95,55,45
108,Magnéton,50,60,95,120,70,70
109,Canarticho,52,90,55,58,62,60
110,Canarticho de Galar,52,95,55,58,62,55
111,Doduo,35,85,45,35,35,75
112,Dodrio,60,110,70,60,60,110
113,Otaria,65,45,55,45,70,45
114,Lamantine,90,70,80,70,95,70
115,Tadmorv,80,80,50,40,50,25
116,Tadmorv d'Alola,80,80,50,40,50,25
117,Grotadmorv,105,105,75,65,100,50
118,Grotadmorv d'Alola,105,105,75,65,100,50
119,Kokiyas,30,65,100,45,25,40
120,Crustabri,50,95,180,85,45,70
121,Fantominus,30,35,30,100,35,80
122,Spectrum,45,50,45,115,55,95
123,Ectoplasma,60,65,60,130,75,110
124,Méga-Ectoplasma,60,65,80,170,95,130
125,Onix,35,45,160,30,45,70
126,Soporifik,60,48,45,43,90,42
127,Hypnomade,85,73,70,73,115,67
128,Krabby,30,105,90,25,25,50
129,Krabboss,55,130,115,50,50,75
130,Voltorbe,40,30,50,55,55,100
131,Électrode,60,50,70,80,80,150
132,Noeunoeuf,60,40,80,60,45,40
133,Noadkoko,95,95,85,125,75,55
134,Noadkoko d'Alola,95,105,85,125,75,45
135,Osselait,50,50,95,40,50,35
136,Ossatueur,60,80,110,50,80,45
137,Ossatueur d'Alola,60,80,110,50,80,45
138,Kicklee,50,120,53,35,110,87
139,Tygnon,50,105,79,35,110,76
140,Excelangue,90,55,75,60,75,30
141,Smogo,40,65,95,60,45,35
142,Smogogo,65,90,120,85,70,60
143,Smogogo de Galar,65,90,120,85,70,60
144,Rhinocorne,80,85,95,30,30,25
145,Rhinoféros,105,130,120,45,45,40
146,Leveinard,250,5,5,35,105,50
147,Saquedeneu,65,55,115,100,40,60
148,Kangourex,105,95,80,40,80,90
149,Méga-Kangourex,105,125,100,60,100,100
150,Hypotrempe,30,40,70,70,25,60
151,Hypocéan,55,65,95,95,45,85
152,Poissirène,45,67,60,35,50,63
153,Poissoroy,80,92,65,65,80,68
154,Stari,30,45,55,70,55,85
155,Staross,60,75,85,100,85,115
156,M. Mime,40,45,65,100,120,90
157,M. Mime de Galar,50,65,65,90,90,100
158,Insécateur,70,110,80,55,80,105
159,Lippoutou,65,50,35,115,95,95
160,Élektek,65,83,57,95,85,105
161,Magmar,65,95,57,100,85,93
162,Scarabrute,65,125,100,55,70,85
163,Méga-Scarabrute,65,155,120,65,90,105
164,Tauros,75,100,95,40,70,110
165,Magicarpe,20,10,55,15,20,80
166,Léviator,95,125,79,60,100,81
167,Méga-Léviator,95,155,109,70,130,81
168,Lokhlass,130,85,80,85,95,60
169,Métamorph,48,48,48,48,48,48
170,Évoli,55,55,50,45,65,55
171,Aquali,130,65,60,110,95,65
172,Voltali,65,65,60,110,95,130
173,Pyroli,65,130,60,95,110,65
174,Porygon,65,60,70,85,75,40
175,Amonita,35,40,100,90,55,35
176,Amonistar,70,60,125,115,70,55
177,Kabuto,30,80,90,55,45,55
178,Kabutops,60,115,105,65,70,80
179,Ptéra,80,105,65,60,75,130
180,Méga-Ptéra,80,135,85,70,95,150
181,Ronflex,160,110,65,65,110,30
182,Artikodin,90,85,100,95,125,85
183,Artikodin de Galar,90,85,85,125,100,95
184,Électhor,90,90,85,125,90,100
185,Électhor de Galar,90,125,90,85,90,100
186,Sulfura,90,100,90,125,85,90
187,Sulfura de Galar,90,85,90,100,125,90
188,Minidraco,41,64,45,50,50,50
189,Draco,61,84,65,70,70,70
190,Dracolosse,91,134,95,100,100,80
191,Mewtwo,106,110,90,154,90,130
192,Méga-Mewtwo X,106,190,100,154,100,130
193,Méga-Mewtwo Y,106,150,70,194,120,140
194,Mew,100,100,100,100,100,100
195,Germignon,45,49,65,49,65,45
196,Macronium,60,62,80,63,80,60
197,Méganium,80,82,100,83,100,80
198,Héricendre,39,52,43,60,50,65
199,Feurisson,58,64,58,80,65,80
200,Typhlosion,78,84,78,109,85,100
201,Kaiminus,50,65,64,44,48,43
202,Crocrodil,65,80,80,59,63,58
203,Aligatueur,85,105,100,79,83,78
204,Fouinette,35,46,34,35,45,20
205,Fouinar,85,76,64,45,55,90
206,Hoothoot,60,30,30,36,56,50
207,Noarfang,100,50,50,86,96,70
208,Coxy,40,20,30,40,80,55
209,Coxyclaque,55,35,50,55,110,85
210,Mimigal,40,60,40,40,40,30
211,Migalos,70,90,70,60,70,40
212,Nostenfer,85,90,80,70,80,130
213,Loupio,75,38,38,56,56,67
214,Lanturn,125,58,58,76,76,67
215,Pichu,20,40,15,35,35,60
216,Mélo,50,25,28,45,55,15
217,Toudoudou,90,30,15,40,20,15
218,Togepi,35,20,65,40,65,20
219,Togetic,55,40,85,80,105,40
220,Natu,40,50,45,70,45,70
221,Xatu,65,75,70,95,70,95
222,Wattouat,55,40,40,65,45,35
223,Lainergie,70,55,55,80,60,45
224,Pharamp,90,75,85,115,90,55
225,Méga-Pharamp,90,95,105,165,110,45
226,Joliflor,75,80,95,90,100,50
227,Marill,70,20,50,20,50,40
228,Azumarill,100,50,80,60,80,50
229,Simularbre,70,100,115,30,65,30
230,Tarpaud,90,75,75,90,100,70
231,Granivol,35,35,40,35,55,50
232,Floravol,55,45,50,45,65,80
233,Cotovol,75,55,70,55,95,110
234,Capumain,55,70,55,40,55,85
235,Tournegrin,30,30,30,30,30,30
236,Héliatronc,75,75,55,105,85,30
237,Yanma,65,65,45,75,45,95
238,Axoloto,55,45,45,25,25,15
239,Maraiste,95,85,85,65,65,35
240,Mentali,65,65,60,130,95,110
241,Noctali,95,65,110,60,130,65
242,Cornèbre,60,85,42,85,42,91
243,Roigada,95,75,80,100,110,30
244,Roigada de Galar,95,65,80,110,110,30
245,Feuforêve,60,60,60,85,85,85
246,Zarbi A,48,72,48,72,48,48
247,Qulbutoké,190,33,58,33,58,33
248,Girafarig,70,80,65,90,65,85
249,Pomdepik,50,65,90,35,35,15
250,Foretress,75,90,140,60,60,40
251,Insolourdo,100,70,70,65,65,45
252,Scorplane,65,75,105,35,65,85
253,Steelix,75,85,200,55,65,30
254,Méga-Steelix,75,125,230,55,95,30
255,Snubbull,60,80,50,40,40,30
256,Granbull,90,120,75,60,60,45
257,Qwilfish,65,95,85,55,55,85
258,Cizayox,70,130,100,55,80,65
259,Méga-Cizayox,70,150,140,65,100,75
260,Caratroc,20,10,230,10,230,5
261,Scarhino,80,125,75,40,95,85
262,Méga-Scarhino,80,185,115,40,105,75
263,Farfuret,55,95,55,35,75,115
264,Teddiursa,60,80,50,50,50,40
265,Ursaring,90,130,75,75,75,55
266,Limagma,40,40,40,70,40,20
267,Volcaropod,60,50,120,90,80,30
268,Marcacrin,50,50,40,30,30,50
269,Cochignon,100,100,80,60,60,50
270,Corayon,65,55,95,65,95,35
271,Corayon de Galar,60,55,100,65,100,30
272,Rémoraid,35,65,35,65,35,65
273,Octillery,75,105,75,105,75,45
274,Cadoizo,45,55,45,65,45,75
275,Démanta,85,40,70,80,140,70
276,Airmure,65,80,140,40,70,70
277,Malosse,45,60,30,80,50,65
278,Démolosse,75,90,50,110,80,95
279,Méga-Démolosse,75,90,90,140,90,115
280,Hyporoi,75,95,95,95,95,85
281,Phanpy,90,60,60,40,40,40
282,Donphan,90,120,120,60,60,50
283,Porygon2,85,80,90,105,95,60
284,Cerfrousse,73,95,62,85,65,85
285,Queulorior,55,20,35,20,45,75
286,Debugant,35,35,35,35,35,35
287,Kapoera,50,95,95,35,110,70
288,Lippouti,45,30,15,85,65,65
289,Élekid,45,63,37,65,55,95
290,Magby,45,75,37,70,55,83
291,Écrémeuh,95,80,105,40,70,100
292,Leuphorie,255,10,10,75,135,55
293,Raikou,90,85,75,115,100,115
294,Entei,115,115,85,90,75,100
295,Suicune,100,75,115,90,115,85
296,Embrylex,50,64,50,45,50,41
297,Ymphect,70,84,70,65,70,51
298,Tyranocif,100,134,110,95,100,61
299,Méga-Tyranocif,100,164,150,95,120,71
300,Lugia,106,90,130,90,154,110
301,Ho-Oh,106,130,90,110,154,90
302,Celebi,100,100,100,100,100,100
303,Arcko,40,45,35,65,55,70
304,Massko,50,65,45,85,65,95
305,Jungko,70,85,65,105,85,120
306,Méga-Jungko,70,110,75,145,85,145
307,Poussifeu,45,60,40,70,50,45
308,Galifeu,60,85,60,85,60,55
309,Braségali,80,120,70,110,70,80
310,Méga-Braségali,80,160,80,130,80,100
311,Gobou,50,70,50,50,50,40
312,Flobio,70,85,70,60,70,50
313,Laggron,100,110,90,85,90,60
314,Méga-Laggron,100,150,110,95,110,70
315,Medhyèna,35,55,35,30,30,35
316,Grahyèna,70,90,70,60,60,70
317,Zigzaton,38,30,41,30,41,60
318,Zigzaton de Galar,38,30,41,30,41,60
319,Linéon,78,70,61,50,61,100
320,Linéon de Galar,78,70,61,50,61,100
321,Chenipotte,45,45,35,20,30,20
322,Armulys,50,35,55,25,25,15
323,Charmillon,60,70,50,100,50,65
324,Blindalys,50,35,55,25,25,15
325,Papinox,60,50,70,50,90,65
326,Nénupiot,40,30,30,40,50,30
327,Lombre,60,50,50,60,70,50
328,Ludicolo,80,70,70,90,100,70
329,Grainipiot,40,40,50,30,30,30
330,Pifeuil,70,70,40,60,40,60
331,Tengalice,90,100,60,90,60,80
332,Nirondelle,40,55,30,30,30,85
333,Hélédelle,60,85,60,75,50,125
334,Goélise,40,30,30,55,30,85
335,Bekipan,60,50,100,95,70,65
336,Tarsal,28,25,25,45,35,40
337,Kirlia,38,35,35,65,55,50
338,Gardevoir,68,65,65,125,115,80
339,Méga-Gardevoir,68,85,65,165,135,100
340,Arakdo,40,30,32,50,52,65
341,Maskadra,70,60,62,100,82,80
342,Balignon,60,40,60,40,60,35
343,Chapignon,60,130,80,60,60,70
344,Parecool,60,60,60,35,35,30
345,Vigoroth,80,80,80,55,55,90
346,Monaflèmit,150,160,100,95,65,100
347,Ningale,31,45,90,30,30,40
348,Ninjask,61,90,45,50,50,160
349,Munja,1,90,45,30,30,40
350,Chuchmur,64,51,23,51,23,28
351,Ramboum,84,71,43,71,43,48
352,Brouhabam,104,91,63,91,73,68
353,Makuhita,72,60,30,20,30,25
354,Hariyama,144,120,60,40,60,50
355,Azurill,50,20,40,20,40,20
356,Tarinor,30,45,135,45,90,30
357,Skitty,50,45,45,35,35,50
358,Delcatty,70,65,65,55,55,90
359,Ténéfix,50,75,75,65,65,50
360,Méga-Ténéfix,50,85,125,85,115,20
361,Mysdibule,50,85,85,55,55,50
362,Méga-Mysdibule,50,105,125,55,95,50
363,Galegon,60,90,140,50,50,40
364,Galeking,70,110,180,60,60,50
365,Méga-Galeking,70,140,230,60,80,50
366,Méditikka,30,40,55,40,55,60
367,Charmina,60,60,75,60,75,80
368,Méga-Charmina,60,100,85,80,85,100
369,Dynavolt,40,45,40,65,40,65
370,Élecsprint,70,75,60,105,60,105
371,Méga-Élecsprint,70,75,80,135,80,135
372,Posipi,60,50,40,85,75,95
373,Négapi,60,40,50,75,85,95
374,Muciole,65,73,75,47,85,85
375,Lumivole,65,47,75,73,85,85
376,Rosélia,50,60,45,100,80,65
377,Gloupti,70,43,53,43,53,40
378,Avaltout,100,73,83,73,83,55
379,Carvanha,45,90,20,65,20,65
380,Sharpedo,70,120,40,95,40,95
381,Méga-Sharpedo,70,140,70,110,65,105
382,Wailmer,130,70,35,70,35,60
383,Wailord,170,90,45,90,45,60
384,Chamallot,60,60,40,65,45,35
385,Camérupt,70,100,70,105,75,40
386,Méga-Camérupt,70,120,100,145,105,20
387,Chartor,70,85,140,85,70,20
388,Spoink,60,25,35,70,80,60
389,Groret,80,45,65,90,110,80
390,Spinda,60,60,60,60,60,60
391,Kraknoix,45,100,45,45,45,10
392,Vibraninf,50,70,50,50,50,70
393,Libégon,80,100,80,80,80,100
394,Cacnea,50,85,40,85,40,35
395,Cacturne,70,115,60,115,60,55
396,Tylton,45,40,60,40,75,50
397,Altaria,75,70,90,70,105,80
398,Méga-Altaria,75,110,110,110,105,80
399,Mangriff,73,115,60,60,60,90
400,Séviper,73,100,60,100,60,65
401,Séléroc,90,55,65,95,85,70
402,Solaroc,90,95,85,55,65,70
403,Barloche,50,48,43,46,41,60
404,Barbicha,110,78,73,76,71,60
405,Écrapince,43,80,65,50,35,35
406,Colhomard,63,120,85,90,55,55
407,Balbuto,40,40,55,40,70,55
408,Kaorine,60,70,105,70,120,75
409,Lilia,66,41,77,61,87,23
410,Vacilys,86,81,97,81,107,43
411,Anorith,45,95,50,40,50,75
412,Armaldo,75,125,100,70,80,45
413,Barpau,20,15,20,10,55,80
414,Milobellus,95,60,79,100,125,81
415,Morphéo,70,70,70,70,70,70
416,Morphéo Solaire,70,70,70,70,70,70
417,Morphéo Eau de Pluie,70,70,70,70,70,70
418,Morphéo Blizzard,70,70,70,70,70,70
419,Kecleon,60,90,70,60,120,40
420,Polichombr,44,75,35,63,33,45
421,Branette,64,115,65,83,63,65
422,Méga-Branette,64,165,75,93,83,75
423,Skelénox,20,40,90,30,90,25
424,Téraclope,40,70,130,60,130,25
425,Tropius,99,68,83,72,87,51
426,Éoko,75,50,80,95,90,65
427,Absol,65,130,60,75,60,75
428,Méga-Absol,65,150,60,115,60,115
429,Okéoké,95,23,48,23,48,23
430,Stalgamin,50,50,50,50,50,50
431,Oniglali,80,80,80,80,80,80
432,Méga-Oniglali,80,120,80,120,80,100
433,Obalie,70,40,50,55,50,25
434,Phogleur,90,60,70,75,70,45
435,Kaimorse,110,80,90,95,90,65
436,Coquiperl,35,64,85,74,55,32
437,Serpang,55,104,105,94,75,52
438,Rosabyss,55,84,105,114,75,52
439,Relicanth,100,90,130,45,65,55
440,Lovdisc,43,30,55,40,65,97
441,Draby,45,75,60,40,30,50
442,Drackhaus,65,95,100,60,50,50
443,Drattak,95,135,80,110,80,100
444,Méga-Drattak,95,145,130,120,90,120
445,Terhal,40,55,80,35,60,30
446,Métang,60,75,100,55,80,50
447,Métalosse,80,135,130,95,90,70
448,Méga-Métalosse,80,145,150,105,110,110
449,Regirock,80,100,200,50,100,50
450,Regice,80,50,100,100,200,50
451,Registeel,80,75,150,75,150,50
452,Latias,80,80,90,110,130,110
453,Méga-Latias,80,100,120,140,150,110
454,Latios,80,90,80,130,110,110
455,Méga-Latios,80,130,100,160,120,110
456,Kyogre,100,100,90,150,140,90
457,Primo-Kyogre,100,150,90,180,160,90
458,Groudon,100,150,140,100,90,90
459,Primo-Groudon,100,180,160,150,90,90
460,Rayquaza,105,150,90,150,90,95
461,Méga-Rayquaza,105,180,100,180,100,115
462,Jirachi,100,100,100,100,100,100
463,Deoxys Forme Normale,50,150,50,150,50,150
464,Deoxys Forme Attaque,50,180,20,180,20,150
465,Deoxys Forme Défense,50,70,160,70,160,90
466,Deoxys Forme Vitesse,50,95,90,95,90,180
467,Tortipouss,55,68,64,45,55,31
468,Boskara,75,89,85,55,65,36
469,Torterra,95,109,105,75,85,56
470,Ouisticram,44,58,44,58,44,61
471,Chimpenfeu,64,78,52,78,52,81
472,Simiabraz,76,104,71,104,71,108
473,Tiplouf,53,51,53,61,56,40
474,Prinplouf,64,66,68,81,76,50
475,Pingoléon,84,86,88,111,101,60
476,Étourmi,40,55,30,30,30,60
477,Étourvol,55,75,50,40,40,80
478,Étouraptor,85,120,70,50,60,100
479,Keunotor,59,45,40,35,40,31
480,Castorno,79,85,60,55,60,71
481,Crikzik,37,25,41,25,41,25
482,Mélokrik,77,85,51,55,51,65
483,Lixy,45,65,34,40,34,45
484,Luxio,60,85,49,60,49,60
485,Luxray,80,120,79,95,79,70
486,Rozbouton,40,30,35,50,70,55
487,Roserade,60,70,65,125,105,90
488,Kranidos,67,125,40,30,30,58
489,Charkos,97,165,60,65,50,58
490,Dinoclier,30,42,118,42,88,30
491,Bastiodon,60,52,168,47,138,30
492,Cheniti Cape Plante,40,29,45,29,45,36
493,Cheniselle Cape Plante,60,59,85,79,105,36
494,Cheniselle Cape Sable,60,79,105,59,85,36
495,Cheniselle Cape Déchet,60,69,95,69,95,36
496,Papilord,70,94,50,94,50,66
497,Apitrini,30,30,42,30,42,70
498,Apireine,70,80,102,80,102,40
499,Pachirisu,60,45,70,45,90,95
500,Mustébouée,55,65,35,60,30,85
501,Mustéflott,85,105,55,85,50,115
502,Ceribou,45,35,45,62,53,35
503,Ceriflor Temps Couvert,70,60,70,87,78,85
504,Sancoki Mer Occident,76,48,48,57,62,34
505,Tritosor Mer Occident,111,83,68,92,82,39
506,Capidextre,75,100,66,60,66,115
507,Baudrive,90,50,34,60,44,70
508,Grodrive,150,80,44,90,54,80
509,Laporeille,55,66,44,44,56,85
510,Lockpin,65,76,84,54,96,105
511,Méga-Lockpin,65,136,94,54,96,135
512,Magirêve,60,60,60,105,105,105
513,Corboss,100,125,52,105,52,71
514,Chaglam,49,55,42,42,37,85
515,Chaffreux,71,82,64,64,59,112
516,Korillon,45,30,50,65,50,45
517,Moufouette,63,63,47,41,41,74
518,Moufflair,103,93,67,71,61,84
519,Archéomire,57,24,86,24,86,23
520,Archéodong,67,89,116,79,116,33
521,Manzaï,50,80,95,10,45,10
522,Mime Jr.,20,25,45,70,90,60
523,Ptiravi,100,5,5,15,65,30
524,Pijako,76,65,45,92,42,91
525,Spiritomb,50,92,108,92,108,35
526,Griknot,58,70,45,40,45,42
527,Carmache,68,90,65,50,55,82
528,Carchacrok,108,130,95,80,85,102
529,Méga-Carchacrok,108,170,115,120,95,92
530,Goinfrex,135,85,40,40,85,5
531,Riolu,40,70,40,35,40,60
532,Lucario,70,110,70,115,70,90
533,Méga-Lucario,70,145,88,140,70,112
534,Hippopotas,68,72,78,38,42,32
535,Hippodocus,108,112,118,68,72,47
536,Rapion,40,50,90,30,55,65
537,Drascore,70,90,110,60,75,95
538,Cradopaud,48,61,40,61,40,50
539,Coatox,83,106,65,86,65,85
540,Vortente,74,100,72,90,72,46
541,Écayon,49,49,56,49,61,66
542,Luminéon,69,69,76,69,86,91
543,Babimanta,45,20,50,60,120,50
544,Blizzi,60,62,50,62,60,40
545,Blizzaroi,90,92,75,92,85,60
546,Méga-Blizzaroi,90,132,105,132,105,30
547,Dimoret,70,120,65,45,85,125
548,Magnézone,70,70,115,130,90,60
549,Coudlangue,110,85,95,80,95,50
550,Rhinastoc,115,140,130,55,55,40
551,Bouldeneu,100,100,125,110,50,50
552,Élekable,75,123,67,95,85,95
553,Maganon,75,95,67,125,95,83
554,Togekiss,85,50,95,120,115,80
555,Yanmega,86,76,86,116,56,95
556,Phyllali,65,110,130,60,65,95
557,Givrali,65,60,110,130,95,65
558,Scorvol,75,95,125,45,75,95
559,Mammochon,110,130,80,70,60,80
560,Porygon-Z,85,80,70,135,75,90
561,Gallame,68,125,65,65,115,80
562,Méga-Gallame,68,165,95,65,115,110
563,Tarinorme,60,55,145,75,150,40
564,Noctunoir,45,100,135,65,135,45
565,Momartik,70,80,70,80,70,110
566,Motisma,50,50,77,95,77,91
567,Motisma Chaleur,50,65,107,105,107,86
568,Motisma Lavage,50,65,107,105,107,86
569,Motisma Froid,50,65,107,105,107,86
570,Motisma Hélice,50,65,107,105,107,86
571,Motisma Tonte,50,65,107,105,107,86
572,Créhelf,75,75,130,75,130,95
573,Créfollet,80,105,105,105,105,80
574,Créfadet,75,125,70,125,70,115
575,Dialga,100,120,120,150,100,90
576,Palkia,90,120,100,150,120,100
577,Heatran,91,90,106,130,106,77
578,Regigigas,110,160,110,80,110,100
579,Giratina Forme Alternative,150,100,120,100,120,90
580,Giratina Forme Originelle,150,120,100,120,100,90
581,Cresselia,120,70,120,75,130,85
582,Phione,80,80,80,80,80,80
583,Manaphy,100,100,100,100,100,100
584,Darkrai,70,90,90,135,90,125
585,Shaymin Forme Terrestre,100,100,100,100,100,100
586,Shaymin Forme Céleste,100,103,75,120,75,127
587,Arceus,120,120,120,120,120,120
588,Arceus Insecte,120,120,120,120,120,120
589,Arceus Ténèbres,120,120,120,120,120,120
590,Arceus Dragon,120,120,120,120,120,120
591,Arceus Électrik,120,120,120,120,120,120
592,Arceus Combat,120,120,120,120,120,120
593,Arceus Feu,120,120,120,120,120,120
594,Arceus Vol,120,120,120,120,120,120
595,Arceus Spectre,120,120,120,120,120,120
596,Arceus Plante,120,120,120,120,120,120
597,Arceus Sol,120,120,120,120,120,120
598,Arceus Glace,120,120,120,120,120,120
599,Arceus Poison,120,120,120,120,120,120
600,Arceus Psy,120,120,120,120,120,120
601,Arceus Roche,120,120,120,120,120,120
602,Arceus Acier,120,120,120,120,120,120
603,Arceus Eau,120,120,120,120,120,120
604,Arceus Fée,120,120,120,120,120,120
605,Victini,100,100,100,100,100,100
606,Vipélierre,45,45,55,45,55,63
607,Lianaja,60,60,75,60,75,83
608,Majaspic,75,75,95,75,95,113
609,Gruikui,65,63,45,45,45,45
610,Grotichon,90,93,55,70,55,55
611,Roitiflam,110,123,65,100,65,65
612,Moustillon,55,55,45,63,45,45
613,Mateloutre,75,75,60,83,60,60
614,Clamiral,95,100,85,108,70,70
615,Ratentif,45,55,39,35,39,42
616,Miradar,60,85,69,60,69,77
617,Ponchiot,45,60,45,25,45,55
618,Ponchien,65,80,65,35,65,60
619,Mastouffe,85,110,90,45,90,80
620,Chacripan,41,50,37,50,37,66
621,Léopardus,64,88,50,88,50,106
622,Feuillajou,50,53,48,53,48,64
623,Feuiloutan,75,98,63,98,63,101
624,Flamajou,50,53,48,53,48,64
625,Flamoutan,75,98,63,98,63,101
626,Flotajou,50,53,48,53,48,64
627,Flotoutan,75,98,63,98,63,101
628,Munna,76,25,45,67,55,24
629,Mushana,116,55,85,107,95,29
630,Poichigeon,50,55,50,36,30,43
631,Colombeau,62,77,62,50,42,65
632,Déflaisan,80,115,80,65,55,93
633,Zébibron,45,60,32,50,32,76
634,Zéblitz,75,100,63,80,63,116
635,Nodulithe,55,75,85,25,25,15
636,Géolithe,70,105,105,50,40,20
637,Gigalithe,85,135,130,60,80,25
638,Chovsourir,65,45,43,55,43,72
639,Rhinolove,67,57,55,77,55,114
640,Rototaupe,60,85,40,30,45,68
641,Minotaupe,110,135,60,50,65,88
642,Nanméouïe,103,60,86,60,86,50
643,Méga-Nanmeouie,103,60,126,80,126,50
644,Charpenti,75,80,55,25,35,35
645,Ouvrifier,85,105,85,40,50,40
646,Bétochef,105,140,95,55,65,45
647,Tritonde,50,50,40,50,40,64
648,Batracné,75,65,55,65,55,69
649,Crapustule,105,95,75,85,75,74
650,Judokrak,120,100,85,30,85,45
651,Karaclée,75,125,75,30,75,85
652,Larveyette,45,53,70,40,60,42
653,Couverdure,55,63,90,50,80,42
654,Manternel,75,103,80,70,80,92
655,Venipatte,30,45,59,30,39,57
656,Scobolide,40,55,99,40,79,47
657,Brutapode,60,100,89,55,69,112
658,Doudouvet,40,27,60,37,50,66
659,Farfaduvet,60,67,85,77,75,116
660,Chlorobule,45,35,50,70,50,30
661,Fragilady,70,60,75,110,75,90
662,Bargantua Motif Rouge,70,92,65,80,55,98
663,Bargantua Motif Bleu,70,92,65,80,55,98
664,Mascaïman,50,72,35,35,35,65
665,Escroco,60,82,45,45,45,74
666,Crocorible,95,117,80,65,70,92
667,Darumarond,70,90,45,15,45,50
668,Darumarond de Galar,70,90,45,15,45,50
669,Darumacho,105,140,55,30,55,95
670,Darumacho Mode Transe,105,30,105,140,105,55
671,Darumacho de Galar,105,140,55,30,55,95
672,Darumacho G. Mode Transe,105,160,55,30,55,135
673,Maracachi,75,86,67,106,67,60
674,Crabicoque,50,65,85,35,35,55
675,Crabaraque,70,105,125,65,75,45
676,Baggiguane,50,75,70,35,70,48
677,Baggaïd,65,90,115,45,115,58
678,Cryptéro,72,58,80,103,80,97
679,Tutafeh,38,30,85,55,65,30
680,Tutafeh de Galar,38,55,85,30,65,30
681,Tutankafer,58,50,145,95,105,30
682,Carapagos,54,78,103,53,45,22
683,Mégapagos,74,108,133,83,65,32
684,Arkéapti,55,112,45,74,45,70
685,Aéroptéryx,75,140,65,112,65,110
686,Miamiasme,50,50,62,40,62,65
687,Miasmax,80,95,82,60,82,75
688,Zorua,40,65,40,80,40,65
689,Zoroark,60,105,60,120,60,105
690,Chinchidou,55,50,40,40,40,75
691,Pashmilla,75,95,60,65,60,115
692,Scrutella,45,30,50,55,65,45
693,Mesmérella,60,45,70,75,85,55
694,Sidérella,70,55,95,95,110,65
695,Nucléos,45,30,40,105,50,20
696,Méios,65,40,50,125,60,30
697,Symbios,110,65,75,125,85,30
698,Couaneton,62,44,50,44,50,55
699,Lakmécygne,75,87,63,87,63,98
700,Sorbébé,36,50,50,65,60,44
701,Sorboul,51,65,65,80,75,59
702,Sorbouboul,71,95,85,110,95,79
703,Vivaldaim Forme Printemps,60,60,50,40,50,75
704,Haydaim Forme Printemps,80,100,70,60,70,95
705,Emolga,55,75,60,75,60,103
706,Carabing,50,75,45,40,45,60
707,Lançargot,70,135,105,60,105,20
708,Trompignon,69,55,45,55,55,15
709,Gaulet,114,85,70,85,80,30
710,Viskuse,55,40,50,65,85,40
711,Moyade,100,60,70,85,105,60
712,Mamanbo,165,75,80,40,45,65
713,Statitik,50,47,50,57,50,65
714,Mygavolt,70,77,60,97,60,108
715,Grindur,44,50,91,24,86,10
716,Noacier,74,94,131,54,116,20
717,Tic,40,55,70,45,60,30
718,Clic,60,80,95,70,85,50
719,Cliticlic,60,100,115,70,85,90
720,Anchwatt,35,55,40,45,40,60
721,Lampéroie,65,85,70,75,70,40
722,Ohmassacre,85,115,80,105,80,50
723,Lewsor,55,55,55,85,55,30
724,Neitram,75,75,75,125,95,40
725,Funécire,50,30,55,65,55,20
726,Mélancolux,60,40,60,95,60,55
727,Lugulabre,60,55,90,145,90,80
728,Coupenotte,46,87,60,30,40,57
729,Incisache,66,117,70,40,50,67
730,Tranchodon,76,147,90,60,70,97
731,Polarhume,55,70,40,60,40,40
732,Polagriffe,95,130,80,70,80,50
733,Hexagel,80,50,50,95,135,105
734,Escargaume,50,40,85,40,65,25
735,Limaspeed,80,70,40,100,60,145
736,Limonde,109,66,84,81,99,32
737,Limonde de Galar,109,81,99,66,84,32
738,Kungfouine,45,85,50,55,50,65
739,Shaofouine,65,125,60,95,60,105
740,Drakkarmin,77,120,90,60,90,48
741,Gringolem,59,74,50,35,50,35
742,Golemastoc,89,124,80,55,80,55
743,Scalpion,45,85,70,40,40,60
744,Scalproie,65,125,100,60,70,70
745,Frison,95,110,95,40,95,55
746,Furaiglon,70,83,50,37,50,60
747,Gueriaigle,100,123,75,57,75,80
748,Vostourno,70,55,75,45,65,60
749,Vaututrice,110,65,105,55,95,80
750,Aflamanoir,85,97,66,105,66,65
751,Fermite,58,109,112,48,48,109
752,Solochi,52,65,50,45,50,38
753,Diamat,72,85,70,65,70,58
754,Trioxhydre,92,105,90,125,90,98
755,Pyronille,55,85,55,50,55,60
756,Pyrax,85,60,65,135,105,100
757,Cobaltium,91,90,129,90,72,108
758,Terrakium,91,129,90,72,90,108
759,Viridium,91,90,72,90,129,108
760,Boréas Forme Avatar,79,115,70,125,80,111
761,Boréas Forme Totémique,79,100,80,110,90,121
762,Fulguris Forme Avatar,79,115,70,125,80,111
763,Fulguris Forme Totémique,79,105,70,145,80,101
764,Reshiram,100,120,100,150,120,90
765,Zekrom,100,150,120,120,100,90
766,Démétéros Forme Avatar,89,125,90,115,80,101
767,Démétéros Forme Totémique,89,145,90,105,80,91
768,Kyurem,125,130,90,130,90,95
769,Kyurem Noir,125,170,100,120,90,95
770,Kyurem Blanc,125,120,90,170,100,95
771,Keldeo Aspect Normal,91,72,90,129,90,108
772,Meloetta Forme Chant,100,77,77,128,128,90
773,Meloetta Forme Danse,100,128,90,77,77,128
774,Genesect,71,120,95,120,95,99
775,Marisson,56,61,65,48,45,38
776,Boguérisse,61,78,95,56,58,57
777,Blindépique,88,107,122,74,75,64
778,Feunnec,40,45,40,62,60,60
779,Roussil,59,59,58,90,70,73
780,Goupelin,75,69,72,114,100,104
781,Grenousse,41,56,40,62,44,71
782,Croâporal,54,63,52,83,56,97
783,Amphinobi,72,95,67,103,71,122
784,Amphinobi Forme Sacha,72,145,67,153,71,132
785,Sapereau,38,36,38,32,36,57
786,Excavarenne,85,56,77,50,77,78
787,Passerouge,45,50,43,40,38,62
788,Braisillon,62,73,55,56,52,84
789,Flambusard,78,81,71,74,69,126
790,Lépidonille,38,35,40,27,25,35
791,Pérégrain,45,22,60,27,30,29
792,Prismillon Motif Floraison,80,52,50,90,50,89
793,Hélionceau,62,50,58,73,54,72
794,Némélios,86,68,72,109,66,106
795,Flabébé Fleur Rouge,44,38,39,61,79,42
796,Floette Fleur Rouge,54,45,47,75,98,52
797,Florges Fleur Rouge,78,65,68,112,154,75
798,Cabriolaine,66,65,48,62,57,52
799,Chevroum,123,100,62,97,81,68
800,Pandespiègle,67,82,62,46,48,43
801,Pandarbare,95,124,78,69,71,58
802,Couafarel Forme Sauvage,75,80,60,65,90,102
803,Psystigri,62,48,54,63,60,68
804,Mistigrix Mâle,74,48,76,83,81,104
805,Mistigrix Femelle,74,48,76,83,81,104
806,Monorpale,45,80,100,35,37,28
807,Dimoclès,59,110,150,45,49,35
808,Exagide Forme Parade,60,50,150,50,150,60
809,Exagide Forme Assaut,60,150,50,150,50,60
810,Fluvetin,78,52,60,63,65,23
811,Cocotine,101,72,72,99,89,29
812,Sucroquin,62,48,66,59,57,49
813,Cupcanaille,82,80,86,85,75,72
814,Sepiatop,53,54,53,37,46,45
815,Sepiatroce,86,92,88,68,75,73
816,Opermine,42,52,67,39,56,50
817,Golgopathe,72,105,115,54,86,68
818,Venalgue,50,60,60,60,60,30
819,Kravarech,65,75,90,97,123,44
820,Flingouste,50,53,62,58,63,44
821,Gamblast,71,73,88,120,89,59
822,Galvaran,44,38,33,61,43,70
823,Iguolta,62,55,52,109,94,109
824,Ptyranidur,58,89,77,45,45,48
825,Rexillius,82,121,119,69,59,71
826,Amagara,77,59,50,67,63,46
827,Dragmara,123,77,72,99,92,58
828,Nymphali,95,65,65,110,130,60
829,Brutalibré,78,92,75,74,63,118
830,Dedenne,67,58,57,81,67,101
831,Strassie,50,50,150,50,150,50
832,Mucuscule,45,50,35,55,75,40
833,Colimucus,68,75,53,83,113,60
834,Muplodocus,90,100,70,110,150,80
835,Trousselin,57,80,91,80,87,75
836,Brocélôme,43,70,48,50,60,38
837,Desséliande,85,110,76,65,82,56
838,Pitrouille Taille Normale,49,66,70,44,55,51
839,Pitrouille Taille Mini,44,66,70,44,55,56
840,Pitrouille Taille Maxi,54,66,70,44,55,46
841,Pitrouille Taille Ultra,59,66,70,44,55,41
842,Banshitrouye Taille Normale,65,90,122,58,75,84
843,Banshitrouye Taille Mini,55,85,122,58,75,99
844,Banshitrouye Taille Maxi,75,95,122,58,75,69
845,Banshitrouye Taille Ultra,85,100,122,58,75,54
846,Grelaçon,55,69,85,32,35,28
847,Séracrawl,95,117,184,44,46,28
848,Sonistrelle,40,30,35,45,40,55
849,Bruyverne,85,70,80,97,80,123
850,Xerneas Mode Paisible,126,131,95,131,98,99
851,Yveltal,126,131,95,131,98,99
852,Zygarde Forme 50%,108,100,121,81,95,95
853,Zygarde Forme 10%,54,100,71,61,85,115
854,Zygarde Forme Parfaite,216,100,121,91,95,85
855,Diancie,50,100,150,100,150,50
856,Méga-Diancie,50,160,110,160,110,110
857,Hoopa Enchaîné,80,110,60,150,130,70
858,Hoopa Déchaîné,80,160,60,170,130,80
859,Volcanion,80,110,120,130,90,70
860,Brindibou,68,55,55,50,50,42
861,Efflèche,78,75,75,70,70,52
862,Archéduc,78,107,75,100,100,70
863,Flamiaou,45,65,40,60,40,70
864,Matoufeu,65,85,50,80,50,90
865,Félinferno,95,115,90,80,90,60
866,Otaquin,50,54,54,66,56,40
867,Otarlette,60,69,69,91,81,50
868,Oratoria,80,74,74,126,116,60
869,Picassaut,35,75,30,30,30,65
870,Piclairon,55,85,50,40,50,75
871,Bazoucan,80,120,75,75,75,60
872,Manglouton,48,70,30,30,30,45
873,Argouste,88,110,60,55,60,45
874,Larvibule,47,62,45,55,45,46
875,Chrysapile,57,82,95,55,75,36
876,Lucanon,77,70,90,145,75,43
877,Crabagarre,47,82,57,42,47,63
878,Crabominable,97,132,77,62,67,43
879,Plumeline Style Flamenco,75,70,70,98,70,93
880,Plumeline Style Pom-Pom,75,70,70,98,70,93
881,Plumeline Style Hula,75,70,70,98,70,93
882,Plumeline Style Buyo,75,70,70,98,70,93
883,Bombydou,40,45,40,55,40,84
884,Rubombelle,60,55,60,95,70,124
885,Rocabot,45,65,40,30,40,60
886,Lougaroc Forme Diurne,75,115,65,55,65,112
887,Lougaroc Forme Nocturne,85,115,75,55,75,82
888,Lougaroc Forme Crépusculaire,75,117,65,55,65,110
889,Froussardine Forme Solitaire,45,20,20,25,25,40
890,Froussardine Forme Banc,45,140,130,140,135,30
891,Vorastérie,50,53,62,43,52,45
892,Prédastérie,50,63,152,53,142,35
893,Tiboudet,70,100,70,45,55,45
894,Bourrinos,100,125,100,55,85,35
895,Araqua,38,40,52,40,72,27
896,Tarenbulle,68,70,92,50,132,42
897,Mimantis,40,55,35,50,35,35
898,Floramantis,70,105,90,80,90,45
899,Spododo,40,35,55,65,75,15
900,Lampignon,60,45,80,90,100,30
901,Tritox,48,44,40,71,40,77
902,Malamandre,68,64,60,111,60,117
903,Nounourson,70,75,50,45,50,50
904,Chelours,120,125,80,55,60,60
905,Croquine,42,30,38,30,38,32
906,Candine,52,40,48,40,48,62
907,Sucreine,72,120,98,50,98,72
908,Guérilande,51,52,90,82,110,100
909,Gouroutan,90,60,80,90,110,60
910,Quartermac,100,120,90,40,60,80
911,Sovkipou,25,35,40,20,30,80
912,Sarmuraï,75,125,140,60,90,40
913,Bacabouh,55,55,80,70,45,15
914,Trépassable,85,75,110,100,75,35
915,Concombaffe,55,60,130,30,130,5
916,Type:0,95,95,95,95,95,59
917,Silvallié,95,95,95,95,95,95
918,Silvallié Insecte,95,95,95,95,95,95
919,Silvallié Ténèbres,95,95,95,95,95,95
920,Silvallié Dragon,95,95,95,95,95,95
921,Silvallié Électrik,95,95,95,95,95,95
922,Silvallié Combat,95,95,95,95,95,95
923,Silvallié Feu,95,95,95,95,95,95
924,Silvallié Vol,95,95,95,95,95,95
925,Silvallié Spectre,95,95,95,95,95,95
926,Silvallié Plante,95,95,95,95,95,95
927,Silvallié Sol,95,95,95,95,95,95
928,Silvallié Glace,95,95,95,95,95,95
929,Silvallié Poison,95,95,95,95,95,95
930,Silvallié Psy,95,95,95,95,95,95
931,Silvallié Roche,95,95,95,95,95,95
932,Silvallié Acier,95,95,95,95,95,95
933,Silvallié Eau,95,95,95,95,95,95
934,Silvallié Fée,95,95,95,95,95,95
935,Météno,60,60,100,60,100,60
936,Météno Noyau Rouge,60,100,60,100,60,120
937,Dodoala,65,115,65,75,95,65
938,Boumata,60,78,135,91,85,36
939,Togedemaru,65,98,63,40,73,96
940,Mimiqui,55,90,80,50,105,96
941,Denticrisse,68,105,70,70,70,92
942,Draïeul,78,60,85,135,91,36
943,Sinistrail,70,131,100,86,90,40
944,Bébécaille,45,55,65,45,45,45
945,Écaïd,55,75,90,65,70,65
946,Ékaïser,75,110,125,100,105,85
947,Tokorico,70,115,85,95,75,130
948,Tokopiyon,70,85,75,130,115,95
949,Tokotoro,70,130,115,85,95,75
950,Tokopisco,70,75,115,95,130,85
951,Cosmog,43,29,31,29,31,37
952,Cosmovum,43,29,131,29,131,37
953,Solgaleo,137,137,107,113,89,97
954,Lunala,137,113,89,137,107,97
955,Zéroïd,109,53,47,127,131,103
956,Mouscoto,107,139,139,53,53,79
957,Cancrelove,71,137,37,137,37,151
958,Câblifère,83,89,71,173,71,83
959,Bamboiselle,97,101,103,107,101,61
960,Katagami,59,181,131,59,31,109
961,Engloutyran,223,101,53,97,53,43
962,Necrozma,97,107,101,127,89,79
963,Necrozma Crinière du Couchant,97,157,127,113,109,77
964,Necrozma Ailes de l'Aurore,97,113,109,157,127,77
965,Ultra-Necrozma,97,167,97,167,97,129
966,Magearna,80,95,115,130,115,65
967,Marshadow,90,125,80,90,90,125
968,Vémini,67,73,67,73,67,73
969,Mandrillon,73,73,73,127,73,121
970,Ama-Ama,61,131,211,53,101,13
971,Pierroteknik,53,127,53,151,79,107
972,Zeraora,88,112,75,102,80,143
973,Meltan,46,65,65,55,35,34
974,Melmetal,135,143,143,80,65,34
975,Ouistempo,50,65,50,40,40,65
976,Badabouin,70,85,70,55,60,80
977,Gorythmic,100,125,90,60,70,85
978,Flambino,50,71,40,40,40,69
979,Lapyro,65,86,60,55,60,94
980,Pyrobut,80,116,75,65,75,119
981,Larméléon,50,40,40,70,40,70
982,Arrozard,65,60,55,95,55,90
983,Lézargus,70,85,65,125,65,120
984,Rongourmand,70,55,55,35,35,25
985,Rongrigou,120,95,95,55,75,20
986,Minisange,38,47,35,33,35,57
987,Bleuseille,68,67,55,43,55,77
988,Corvaillus,98,87,105,53,85,67
989,Larvadar,25,20,20,25,45,45
990,Coléodôme,50,35,80,50,90,30
991,Astronelle,60,45,110,80,120,90
992,Goupilou,40,28,28,47,52,50
993,Roublenard,70,58,58,87,92,90
994,Tournicoton,40,40,60,40,60,10
995,Blancoton,60,50,90,80,120,60
996,Moumouton,42,40,55,40,45,48
997,Moumouflon,72,80,100,60,90,88
998,Khélocrok,50,64,50,38,38,44
999,Torgamord,90,115,90,48,68,74
1000,Voltoutou,59,45,50,40,50,26
1001,Fulgudog,69,90,60,90,60,121
1002,Charbi,30,40,50,40,50,30
1003,Wagomine,80,60,90,60,70,50
1004,Monthracite,110,80,120,80,90,30
1005,Verpom,40,40,80,40,40,20
1006,Pomdrapi,70,110,80,95,60,70
1007,Dratatin,110,85,80,100,80,30
1008,Dunaja,52,57,75,35,50,46
1009,Dunaconda,72,107,125,65,70,71
1010,Nigosier,70,85,55,85,95,85
1011,Embrochet,41,63,40,40,30,66
1012,Hastacuda,61,123,60,60,50,136
1013,Toxizap,40,38,35,54,35,40
1014,Salarsen Forme Aigüe,75,98,70,114,70,75
1015,Salarsen Forme Grave,75,98,70,114,70,75
1016,Grillepattes,50,65,45,50,50,45
1017,Scolocendre,100,115,65,90,90,65
1018,Poulpaf,50,68,60,50,50,32
1019,Krakos,80,118,90,70,80,42
1020,Théffroi,40,45,45,74,54,50
1021,Polthégeist,60,65,65,134,114,70
1022,Bibichut,42,30,45,56,53,39
1023,Chapotus,57,40,65,86,73,49
1024,Sorcilence,57,90,95,136,103,29
1025,Grimalin,45,45,30,55,40,50
1026,Fourbelin,65,60,45,75,55,70
1027,Angoliath,95,120,65,95,75,60
1028,Ixon,93,90,101,60,81,95
1029,Berserkatt,70,110,100,50,60,50
1030,Corayôme,60,95,50,145,130,30
1031,Palarticho,62,135,95,68,82,65
1032,M. Glaquette,80,85,75,110,100,70
1033,Tutétékri,58,95,145,50,105,30
1034,Crèmy,45,40,40,50,61,34
1035,Charmilly Lait Vanille,65,60,75,110,121,64
1036,Hexadron,65,100,100,70,60,75
1037,Wattapik,48,101,95,91,85,15
1038,Frissonille,30,25,35,45,30,20
1039,Beldeneige,70,65,60,125,90,65
1040,Dolman,100,125,135,20,20,70
1041,Bekaglaçon,75,80,110,65,90,50
1042,Bekaglaçon Tête Dégel,75,80,70,65,50,130
1043,Wimessir,60,65,55,105,95,95
1044,Wimessir Femelle,70,55,65,95,105,85
1045,Morpeko,58,95,58,70,58,97
1046,Charibari,72,80,49,40,49,40
1047,Pachyradjah,122,130,69,80,69,30
1048,Galvagon,90,100,90,80,70,75
1049,Galvagla,90,100,90,90,80,55
1050,Hydragon,90,90,100,70,80,75
1051,Hydragla,90,90,100,80,90,55
1052,Duralugon,70,95,115,120,50,85
1053,Fantyrm,28,60,30,40,30,82
1054,Dispareptil,68,80,50,60,50,102
1055,Lanssorien,88,120,75,100,75,142
1056,Zacian Héros Aguerri,92,130,115,80,115,138
1057,Zacian Épée Suprême,92,170,115,80,115,148
1058,Zamazenta Héros Aguerri,92,130,115,80,115,138
1059,Zamazenta Bouclier Suprême,92,130,145,80,145,128
1060,Éthernatos,140,85,95,145,95,130
1061,Wushours,60,90,60,53,50,72
1062,Shifours style Poing Final,100,130,100,63,60,97
1063,Shifours style Mille Poings,100,130,100,63,60,97
1064,Zarude,105,120,105,70,95,105
1065,Regieleki,80,100,50,100,50,200
1066,Regidrago,200,100,50,100,50,80
1067,Blizzeval,100,145,130,65,110,30
1068,Spectreval,100,65,60,145,80,130
1069,Sylveroy,100,80,80,80,80,80
1070,Sylveroy Cavalier du Froid,100,165,150,85,130,50
1071,Sylveroy Cavalier d'Effroi,100,85,80,165,100,150
