,Nom,PV,Atk,Def,AtkSpe,DefSpe,Vit,Moy
0,Bulbizarre,45,49,49,65,65,45,53.0
1,Herbizarre,60,62,63,80,80,60,67.0
2,Florizarre,80,82,83,100,100,80,87.0
3,Méga-Florizarre,80,100,123,122,120,80,104.0
4,Salamèche,39,52,43,60,50,65,51.0
5,Reptincel,58,64,58,80,65,80,67.0
6,Dracaufeu,78,84,78,109,85,100,89.0
7,Méga-Dracaufeu X,78,130,111,130,85,100,105.0
8,Méga-Dracaufeu Y,78,104,78,159,115,100,105.0
9,Carapuce,44,48,65,50,64,43,52.0
10,Carabaffe,59,63,80,65,80,58,67.0
11,Tortank,79,83,100,85,105,78,88.0
12,Méga-Tortank,79,103,120,135,115,78,105.0
13,Chenipan,45,30,35,20,20,45,32.0
14,Chrysacier,50,20,55,25,25,30,34.0
15,Papilusion,60,45,50,90,80,70,65.0
16,Aspicot,40,35,30,20,20,50,32.0
17,Coconfort,45,25,50,25,25,35,34.0
18,Dardargnan,65,90,40,45,80,75,65.0
19,Méga-Dardargnan,65,150,40,15,80,145,82.0
20,Roucool,40,45,40,35,35,56,41.0
21,Roucoups,63,60,55,50,50,71,58.0
22,Roucarnage,83,80,75,70,70,101,79.0
23,Méga-Roucarnage,83,80,80,135,80,121,96.0
24,Rattata,30,56,35,25,35,72,42.0
25,Rattata d'Alola,30,56,35,25,35,72,42.0
26,Rattatac,55,81,60,50,70,97,68.0
27,Rattatac d'Alola,75,71,70,40,80,77,68.0
28,Piafabec,40,60,30,31,31,70,43.0
29,Rapasdepic,65,90,65,61,61,100,73.0
30,Abo,35,60,44,40,54,55,48.0
31,Arbok,60,95,69,65,79,80,74.0
32,Pikachu,35,55,40,50,50,90,53.0
33,Raichu,60,90,55,90,80,110,80.0
34,Raichu d'Alola,60,85,50,95,85,110,80.0
35,Sabelette,50,75,85,20,30,40,50.0
36,Sabelette d'Alola,50,75,90,10,35,40,50.0
37,Sablaireau,75,100,110,45,55,65,75.0
38,Sablaireau d'Alola,75,100,120,25,65,65,75.0
39,Nidoran♀️,55,47,52,40,40,41,45.0
40,Nidorina,70,62,67,55,55,56,60.0
41,Nidoqueen,90,92,87,75,85,76,84.0
42,Nidoran♂️,46,57,40,40,40,50,45.0
43,Nidorino,61,72,57,55,55,65,60.0
44,Nidoking,81,102,77,85,75,85,84.0
45,Mélofée,70,45,48,60,65,35,53.0
46,Mélodelfe,95,70,73,95,90,60,80.0
47,Goupix,38,41,40,50,65,65,49.0
48,Goupix d'Alola,38,41,40,50,65,65,49.0
49,Feunard,73,76,75,81,100,100,84.0
50,Feunard d'Alola,73,67,75,81,100,109,84.0
51,Rondoudou,115,45,20,45,25,20,45.0
52,Grodoudou,140,70,45,85,50,45,72.0
53,Nosferapti,40,45,35,30,40,55,40.0
54,Nosferalto,75,80,70,65,75,90,75.0
55,Mystherbe,45,50,55,75,65,30,53.0
56,Ortide,60,65,70,85,75,40,65.0
57,Rafflesia,75,80,85,110,90,50,81.0
58,Paras,35,70,55,45,55,25,47.0
59,Parasect,60,95,80,60,80,30,67.0
60,Mimitoss,60,55,50,40,55,45,50.0
61,Aéromite,70,65,60,90,75,90,75.0
62,Taupiqueur,10,55,25,35,45,95,44.0
63,Taupiqueur d'Alola,10,55,30,35,45,90,44.0
64,Triopikeur,35,100,50,50,70,120,70.0
65,Triopikeur d'Alola,35,100,60,50,70,110,70.0
66,Miaouss,40,45,35,40,40,90,48.0
67,Miaouss d'Alola,40,35,35,50,40,90,48.0
68,Miaouss de Galar,50,65,55,40,40,40,48.0
69,Persian,65,70,60,65,65,115,73.0
70,Persian d'Alola,65,60,60,75,65,115,73.0
71,Psykokwak,50,52,48,65,50,55,53.0
72,Akwakwak,80,82,78,95,80,85,83.0
73,Férosinge,40,80,35,35,45,70,50.0
74,Colossinge,65,105,60,60,70,95,75.0
75,Caninos,55,70,45,70,50,60,58.0
76,Arcanin,90,110,80,100,80,95,92.0
77,Ptitard,40,50,40,40,40,90,50.0
78,Têtarte,65,65,65,50,50,90,64.0
79,Tartard,90,95,95,70,90,70,85.0
80,Abra,25,20,15,105,55,90,51.0
81,Kadabra,40,35,30,120,70,105,66.0
82,Alakazam,55,50,45,135,95,120,83.0
83,Méga-Alakazam,55,50,65,175,105,150,100.0
84,Machoc,70,80,50,35,35,35,50.0
85,Machopeur,80,100,70,50,60,45,67.0
86,Mackogneur,90,130,80,65,85,55,84.0
87,Chétiflor,50,75,35,70,30,40,50.0
88,Boustiflor,65,90,50,85,45,55,65.0
89,Empiflor,80,105,65,100,70,70,81.0
90,Tentacool,40,40,35,50,100,70,55.0
91,Tentacruel,80,70,65,80,120,100,85.0
92,Racaillou,40,80,100,30,30,20,50.0
93,Racaillou d'Alola,40,80,100,30,30,20,50.0
94,Gravalanch,55,95,115,45,45,35,65.0
95,Gravalanch d'Alola,55,95,115,45,45,35,65.0
96,Grolem,80,120,130,55,65,45,82.0
97,Grolem d'Alola,80,120,130,55,65,45,82.0
98,Ponyta,50,85,55,65,65,90,68.0
99,Ponyta de Galar,50,85,55,65,65,90,68.0
100,Galopa,65,100,70,80,80,105,83.0
101,Galopa de Galar,65,100,70,80,80,105,83.0
102,Ramoloss,90,65,65,40,40,15,52.0
103,Ramoloss de Galar,90,65,65,40,40,15,52.0
104,Flagadoss,95,75,110,100,80,30,81.0
105,Méga-Flagadoss,95,75,180,130,80,30,98.0
106,Flagadoss de Galar,95,100,95,100,70,30,81.0
107,Magnéti,25,35,70,95,55,45,54.0
108,Magnéton,50,60,95,120,70,70,77.0
109,Canarticho,52,90,55,58,62,60,62.0
110,Canarticho de Galar,52,95,55,58,62,55,62.0
111,Doduo,35,85,45,35,35,75,51.0
112,Dodrio,60,110,70,60,60,110,78.0
113,Otaria,65,45,55,45,70,45,54.0
114,Lamantine,90,70,80,70,95,70,79.0
115,Tadmorv,80,80,50,40,50,25,54.0
116,Tadmorv d'Alola,80,80,50,40,50,25,54.0
117,Grotadmorv,105,105,75,65,100,50,83.0
118,Grotadmorv d'Alola,105,105,75,65,100,50,83.0
119,Kokiyas,30,65,100,45,25,40,50.0
120,Crustabri,50,95,180,85,45,70,87.0
121,Fantominus,30,35,30,100,35,80,51.0
122,Spectrum,45,50,45,115,55,95,67.0
123,Ectoplasma,60,65,60,130,75,110,83.0
124,Méga-Ectoplasma,60,65,80,170,95,130,100.0
125,Onix,35,45,160,30,45,70,64.0
126,Soporifik,60,48,45,43,90,42,54.0
127,Hypnomade,85,73,70,73,115,67,80.0
128,Krabby,30,105,90,25,25,50,54.0
129,Krabboss,55,130,115,50,50,75,79.0
130,Voltorbe,40,30,50,55,55,100,55.0
131,Électrode,60,50,70,80,80,150,81.0
132,Noeunoeuf,60,40,80,60,45,40,54.0
133,Noadkoko,95,95,85,125,75,55,88.0
134,Noadkoko d'Alola,95,105,85,125,75,45,88.0
135,Osselait,50,50,95,40,50,35,53.0
136,Ossatueur,60,80,110,50,80,45,70.0
137,Ossatueur d'Alola,60,80,110,50,80,45,70.0
138,Kicklee,50,120,53,35,110,87,75.0
139,Tygnon,50,105,79,35,110,76,75.0
140,Excelangue,90,55,75,60,75,30,64.0
141,Smogo,40,65,95,60,45,35,56.0
142,Smogogo,65,90,120,85,70,60,81.0
143,Smogogo de Galar,65,90,120,85,70,60,81.0
144,Rhinocorne,80,85,95,30,30,25,57.0
145,Rhinoféros,105,130,120,45,45,40,80.0
146,Leveinard,250,5,5,35,105,50,75.0
147,Saquedeneu,65,55,115,100,40,60,72.0
148,Kangourex,105,95,80,40,80,90,81.0
149,Méga-Kangourex,105,125,100,60,100,100,98.0
150,Hypotrempe,30,40,70,70,25,60,49.0
151,Hypocéan,55,65,95,95,45,85,73.0
152,Poissirène,45,67,60,35,50,63,53.0
153,Poissoroy,80,92,65,65,80,68,75.0
154,Stari,30,45,55,70,55,85,56.0
155,Staross,60,75,85,100,85,115,86.0
156,M. Mime,40,45,65,100,120,90,76.0
157,M. Mime de Galar,50,65,65,90,90,100,76.0
158,Insécateur,70,110,80,55,80,105,83.0
159,Lippoutou,65,50,35,115,95,95,75.0
160,Élektek,65,83,57,95,85,105,81.0
161,Magmar,65,95,57,100,85,93,82.0
162,Scarabrute,65,125,100,55,70,85,83.0
163,Méga-Scarabrute,65,155,120,65,90,105,100.0
164,Tauros,75,100,95,40,70,110,81.0
165,Magicarpe,20,10,55,15,20,80,33.0
166,Léviator,95,125,79,60,100,81,90.0
167,Méga-Léviator,95,155,109,70,130,81,106.0
168,Lokhlass,130,85,80,85,95,60,89.0
169,Métamorph,48,48,48,48,48,48,48.0
170,Évoli,55,55,50,45,65,55,54.0
171,Aquali,130,65,60,110,95,65,87.0
172,Voltali,65,65,60,110,95,130,87.0
173,Pyroli,65,130,60,95,110,65,87.0
174,Porygon,65,60,70,85,75,40,65.0
175,Amonita,35,40,100,90,55,35,59.0
176,Amonistar,70,60,125,115,70,55,82.0
177,Kabuto,30,80,90,55,45,55,59.0
178,Kabutops,60,115,105,65,70,80,82.0
179,Ptéra,80,105,65,60,75,130,85.0
180,Méga-Ptéra,80,135,85,70,95,150,102.0
181,Ronflex,160,110,65,65,110,30,90.0
182,Artikodin,90,85,100,95,125,85,96.0
183,Artikodin de Galar,90,85,85,125,100,95,96.0
184,Électhor,90,90,85,125,90,100,96.0
185,Électhor de Galar,90,125,90,85,90,100,96.0
186,Sulfura,90,100,90,125,85,90,96.0
187,Sulfura de Galar,90,85,90,100,125,90,96.0
188,Minidraco,41,64,45,50,50,50,50.0
189,Draco,61,84,65,70,70,70,70.0
190,Dracolosse,91,134,95,100,100,80,100.0
191,Mewtwo,106,110,90,154,90,130,113.0
192,Méga-Mewtwo X,106,190,100,154,100,130,130.0
193,Méga-Mewtwo Y,106,150,70,194,120,140,130.0
194,Mew,100,100,100,100,100,100,100.0
195,Germignon,45,49,65,49,65,45,53.0
196,Macronium,60,62,80,63,80,60,67.0
197,Méganium,80,82,100,83,100,80,87.0
198,Héricendre,39,52,43,60,50,65,51.0
199,Feurisson,58,64,58,80,65,80,67.0
200,Typhlosion,78,84,78,109,85,100,89.0
201,Kaiminus,50,65,64,44,48,43,52.0
202,Crocrodil,65,80,80,59,63,58,67.0
203,Aligatueur,85,105,100,79,83,78,88.0
204,Fouinette,35,46,34,35,45,20,35.0
205,Fouinar,85,76,64,45,55,90,69.0
206,Hoothoot,60,30,30,36,56,50,43.0
207,Noarfang,100,50,50,86,96,70,75.0
208,Coxy,40,20,30,40,80,55,44.0
209,Coxyclaque,55,35,50,55,110,85,65.0
210,Mimigal,40,60,40,40,40,30,41.0
211,Migalos,70,90,70,60,70,40,66.0
212,Nostenfer,85,90,80,70,80,130,89.0
213,Loupio,75,38,38,56,56,67,55.0
214,Lanturn,125,58,58,76,76,67,76.0
215,Pichu,20,40,15,35,35,60,34.0
216,Mélo,50,25,28,45,55,15,36.0
217,Toudoudou,90,30,15,40,20,15,35.0
218,Togepi,35,20,65,40,65,20,40.0
219,Togetic,55,40,85,80,105,40,67.0
220,Natu,40,50,45,70,45,70,53.0
221,Xatu,65,75,70,95,70,95,78.0
222,Wattouat,55,40,40,65,45,35,46.0
223,Lainergie,70,55,55,80,60,45,60.0
224,Pharamp,90,75,85,115,90,55,85.0
225,Méga-Pharamp,90,95,105,165,110,45,101.0
226,Joliflor,75,80,95,90,100,50,81.0
227,Marill,70,20,50,20,50,40,41.0
228,Azumarill,100,50,80,60,80,50,70.0
229,Simularbre,70,100,115,30,65,30,68.0
230,Tarpaud,90,75,75,90,100,70,83.0
231,Granivol,35,35,40,35,55,50,41.0
232,Floravol,55,45,50,45,65,80,56.0
233,Cotovol,75,55,70,55,95,110,76.0
234,Capumain,55,70,55,40,55,85,60.0
235,Tournegrin,30,30,30,30,30,30,30.0
236,Héliatronc,75,75,55,105,85,30,70.0
237,Yanma,65,65,45,75,45,95,65.0
238,Axoloto,55,45,45,25,25,15,35.0
239,Maraiste,95,85,85,65,65,35,71.0
240,Mentali,65,65,60,130,95,110,87.0
241,Noctali,95,65,110,60,130,65,87.0
242,Cornèbre,60,85,42,85,42,91,67.0
243,Roigada,95,75,80,100,110,30,81.0
244,Roigada de Galar,95,65,80,110,110,30,81.0
245,Feuforêve,60,60,60,85,85,85,72.0
246,Zarbi A,48,72,48,72,48,48,56.0
247,Qulbutoké,190,33,58,33,58,33,67.0
248,Girafarig,70,80,65,90,65,85,75.0
249,Pomdepik,50,65,90,35,35,15,48.0
250,Foretress,75,90,140,60,60,40,77.0
251,Insolourdo,100,70,70,65,65,45,69.0
252,Scorplane,65,75,105,35,65,85,71.0
253,Steelix,75,85,200,55,65,30,85.0
254,Méga-Steelix,75,125,230,55,95,30,101.0
255,Snubbull,60,80,50,40,40,30,50.0
256,Granbull,90,120,75,60,60,45,75.0
257,Qwilfish,65,95,85,55,55,85,73.0
258,Cizayox,70,130,100,55,80,65,83.0
259,Méga-Cizayox,70,150,140,65,100,75,100.0
260,Caratroc,20,10,230,10,230,5,84.0
261,Scarhino,80,125,75,40,95,85,83.0
262,Méga-Scarhino,80,185,115,40,105,75,100.0
263,Farfuret,55,95,55,35,75,115,71.0
264,Teddiursa,60,80,50,50,50,40,55.0
265,Ursaring,90,130,75,75,75,55,83.0
266,Limagma,40,40,40,70,40,20,41.0
267,Volcaropod,60,50,120,90,80,30,71.0
268,Marcacrin,50,50,40,30,30,50,41.0
269,Cochignon,100,100,80,60,60,50,75.0
270,Corayon,65,55,95,65,95,35,68.0
271,Corayon de Galar,60,55,100,65,100,30,68.0
272,Rémoraid,35,65,35,65,35,65,50.0
273,Octillery,75,105,75,105,75,45,80.0
274,Cadoizo,45,55,45,65,45,75,55.0
275,Démanta,85,40,70,80,140,70,80.0
276,Airmure,65,80,140,40,70,70,77.0
277,Malosse,45,60,30,80,50,65,55.0
278,Démolosse,75,90,50,110,80,95,83.0
279,Méga-Démolosse,75,90,90,140,90,115,100.0
280,Hyporoi,75,95,95,95,95,85,90.0
281,Phanpy,90,60,60,40,40,40,55.0
282,Donphan,90,120,120,60,60,50,83.0
283,Porygon2,85,80,90,105,95,60,85.0
284,Cerfrousse,73,95,62,85,65,85,77.0
285,Queulorior,55,20,35,20,45,75,41.0
286,Debugant,35,35,35,35,35,35,35.0
287,Kapoera,50,95,95,35,110,70,75.0
288,Lippouti,45,30,15,85,65,65,50.0
289,Élekid,45,63,37,65,55,95,60.0
290,Magby,45,75,37,70,55,83,60.0
291,Écrémeuh,95,80,105,40,70,100,81.0
292,Leuphorie,255,10,10,75,135,55,90.0
293,Raikou,90,85,75,115,100,115,96.0
294,Entei,115,115,85,90,75,100,96.0
295,Suicune,100,75,115,90,115,85,96.0
296,Embrylex,50,64,50,45,50,41,50.0
297,Ymphect,70,84,70,65,70,51,68.0
298,Tyranocif,100,134,110,95,100,61,100.0
299,Méga-Tyranocif,100,164,150,95,120,71,116.0
300,Lugia,106,90,130,90,154,110,113.0
301,Ho-Oh,106,130,90,110,154,90,113.0
302,Celebi,100,100,100,100,100,100,100.0
303,Arcko,40,45,35,65,55,70,51.0
304,Massko,50,65,45,85,65,95,67.0
305,Jungko,70,85,65,105,85,120,88.0
306,Méga-Jungko,70,110,75,145,85,145,105.0
307,Poussifeu,45,60,40,70,50,45,51.0
308,Galifeu,60,85,60,85,60,55,67.0
309,Braségali,80,120,70,110,70,80,88.0
310,Méga-Braségali,80,160,80,130,80,100,105.0
311,Gobou,50,70,50,50,50,40,51.0
312,Flobio,70,85,70,60,70,50,67.0
313,Laggron,100,110,90,85,90,60,89.0
314,Méga-Laggron,100,150,110,95,110,70,105.0
315,Medhyèna,35,55,35,30,30,35,36.0
316,Grahyèna,70,90,70,60,60,70,70.0
317,Zigzaton,38,30,41,30,41,60,40.0
318,Zigzaton de Galar,38,30,41,30,41,60,40.0
319,Linéon,78,70,61,50,61,100,70.0
320,Linéon de Galar,78,70,61,50,61,100,70.0
321,Chenipotte,45,45,35,20,30,20,32.0
322,Armulys,50,35,55,25,25,15,34.0
323,Charmillon,60,70,50,100,50,65,65.0
324,Blindalys,50,35,55,25,25,15,34.0
325,Papinox,60,50,70,50,90,65,64.0
326,Nénupiot,40,30,30,40,50,30,36.0
327,Lombre,60,50,50,60,70,50,56.0
328,Ludicolo,80,70,70,90,100,70,80.0
329,Grainipiot,40,40,50,30,30,30,36.0
330,Pifeuil,70,70,40,60,40,60,56.0
331,Tengalice,90,100,60,90,60,80,80.0
332,Nirondelle,40,55,30,30,30,85,45.0
333,Hélédelle,60,85,60,75,50,125,75.0
334,Goélise,40,30,30,55,30,85,45.0
335,Bekipan,60,50,100,95,70,65,73.0
336,Tarsal,28,25,25,45,35,40,33.0
337,Kirlia,38,35,35,65,55,50,46.0
338,Gardevoir,68,65,65,125,115,80,86.0
339,Méga-Gardevoir,68,85,65,165,135,100,103.0
340,Arakdo,40,30,32,50,52,65,44.0
341,Maskadra,70,60,62,100,82,80,75.0
342,Balignon,60,40,60,40,60,35,49.0
343,Chapignon,60,130,80,60,60,70,76.0
344,Parecool,60,60,60,35,35,30,46.0
345,Vigoroth,80,80,80,55,55,90,73.0
346,Monaflèmit,150,160,100,95,65,100,111.0
347,Ningale,31,45,90,30,30,40,44.0
348,Ninjask,61,90,45,50,50,160,76.0
349,Munja,1,90,45,30,30,40,39.0
350,Chuchmur,64,51,23,51,23,28,40.0
351,Ramboum,84,71,43,71,43,48,60.0
352,Brouhabam,104,91,63,91,73,68,81.0
353,Makuhita,72,60,30,20,30,25,39.0
354,Hariyama,144,120,60,40,60,50,79.0
355,Azurill,50,20,40,20,40,20,31.0
356,Tarinor,30,45,135,45,90,30,62.0
357,Skitty,50,45,45,35,35,50,43.0
358,Delcatty,70,65,65,55,55,90,66.0
359,Ténéfix,50,75,75,65,65,50,63.0
360,Méga-Ténéfix,50,85,125,85,115,20,80.0
361,Mysdibule,50,85,85,55,55,50,63.0
362,Méga-Mysdibule,50,105,125,55,95,50,80.0
363,Galekid,50,70,100,40,40,30,55.0
364,Galegon,60,90,140,50,50,40,71.0
365,Galeking,70,110,180,60,60,50,88.0
366,Méga-Galeking,70,140,230,60,80,50,105.0
367,Méditikka,30,40,55,40,55,60,46.0
368,Charmina,60,60,75,60,75,80,68.0
369,Méga-Charmina,60,100,85,80,85,100,85.0
370,Dynavolt,40,45,40,65,40,65,49.0
371,Élecsprint,70,75,60,105,60,105,79.0
372,Méga-Élecsprint,70,75,80,135,80,135,95.0
373,Posipi,60,50,40,85,75,95,67.0
374,Négapi,60,40,50,75,85,95,67.0
375,Muciole,65,73,75,47,85,85,71.0
376,Lumivole,65,47,75,73,85,85,71.0
377,Rosélia,50,60,45,100,80,65,66.0
378,Gloupti,70,43,53,43,53,40,50.0
379,Avaltout,100,73,83,73,83,55,77.0
380,Carvanha,45,90,20,65,20,65,50.0
381,Sharpedo,70,120,40,95,40,95,76.0
382,Méga-Sharpedo,70,140,70,110,65,105,93.0
383,Wailmer,130,70,35,70,35,60,66.0
384,Wailord,170,90,45,90,45,60,83.0
385,Chamallot,60,60,40,65,45,35,50.0
386,Camérupt,70,100,70,105,75,40,76.0
387,Méga-Camérupt,70,120,100,145,105,20,93.0
388,Chartor,70,85,140,85,70,20,78.0
389,Spoink,60,25,35,70,80,60,55.0
390,Groret,80,45,65,90,110,80,78.0
391,Spinda,60,60,60,60,60,60,60.0
392,Kraknoix,45,100,45,45,45,10,48.0
393,Vibraninf,50,70,50,50,50,70,56.0
394,Libégon,80,100,80,80,80,100,86.0
395,Cacnea,50,85,40,85,40,35,55.0
396,Cacturne,70,115,60,115,60,55,79.0
397,Tylton,45,40,60,40,75,50,51.0
398,Altaria,75,70,90,70,105,80,81.0
399,Méga-Altaria,75,110,110,110,105,80,98.0
400,Mangriff,73,115,60,60,60,90,76.0
401,Séviper,73,100,60,100,60,65,76.0
402,Séléroc,90,55,65,95,85,70,76.0
403,Solaroc,90,95,85,55,65,70,76.0
404,Barloche,50,48,43,46,41,60,48.0
405,Barbicha,110,78,73,76,71,60,78.0
406,Écrapince,43,80,65,50,35,35,51.0
407,Colhomard,63,120,85,90,55,55,78.0
408,Balbuto,40,40,55,40,70,55,50.0
409,Kaorine,60,70,105,70,120,75,83.0
410,Lilia,66,41,77,61,87,23,59.0
411,Vacilys,86,81,97,81,107,43,82.0
412,Anorith,45,95,50,40,50,75,59.0
413,Armaldo,75,125,100,70,80,45,82.0
414,Barpau,20,15,20,10,55,80,33.0
415,Milobellus,95,60,79,100,125,81,90.0
416,Morphéo,70,70,70,70,70,70,70.0
417,Morphéo Solaire,70,70,70,70,70,70,70.0
418,Morphéo Eau de Pluie,70,70,70,70,70,70,70.0
419,Morphéo Blizzard,70,70,70,70,70,70,70.0
420,Kecleon,60,90,70,60,120,40,73.0
421,Polichombr,44,75,35,63,33,45,49.0
422,Branette,64,115,65,83,63,65,75.0
423,Méga-Branette,64,165,75,93,83,75,92.0
424,Skelénox,20,40,90,30,90,25,49.0
425,Téraclope,40,70,130,60,130,25,75.0
426,Tropius,99,68,83,72,87,51,76.0
427,Éoko,75,50,80,95,90,65,75.0
428,Absol,65,130,60,75,60,75,77.0
429,Méga-Absol,65,150,60,115,60,115,94.0
430,Okéoké,95,23,48,23,48,23,43.0
431,Stalgamin,50,50,50,50,50,50,50.0
432,Oniglali,80,80,80,80,80,80,80.0
433,Méga-Oniglali,80,120,80,120,80,100,96.0
434,Obalie,70,40,50,55,50,25,48.0
435,Phogleur,90,60,70,75,70,45,68.0
436,Kaimorse,110,80,90,95,90,65,88.0
437,Coquiperl,35,64,85,74,55,32,57.0
438,Serpang,55,104,105,94,75,52,80.0
439,Rosabyss,55,84,105,114,75,52,80.0
440,Relicanth,100,90,130,45,65,55,80.0
441,Lovdisc,43,30,55,40,65,97,55.0
442,Draby,45,75,60,40,30,50,50.0
443,Drackhaus,65,95,100,60,50,50,70.0
444,Drattak,95,135,80,110,80,100,100.0
445,Méga-Drattak,95,145,130,120,90,120,116.0
446,Terhal,40,55,80,35,60,30,50.0
447,Métang,60,75,100,55,80,50,70.0
448,Métalosse,80,135,130,95,90,70,100.0
449,Méga-Métalosse,80,145,150,105,110,110,116.0
450,Regirock,80,100,200,50,100,50,96.0
451,Regice,80,50,100,100,200,50,96.0
452,Registeel,80,75,150,75,150,50,96.0
453,Latias,80,80,90,110,130,110,100.0
454,Méga-Latias,80,100,120,140,150,110,116.0
455,Latios,80,90,80,130,110,110,100.0
456,Méga-Latios,80,130,100,160,120,110,116.0
457,Kyogre,100,100,90,150,140,90,111.0
458,Primo-Kyogre,100,150,90,180,160,90,128.0
459,Groudon,100,150,140,100,90,90,111.0
460,Primo-Groudon,100,180,160,150,90,90,128.0
461,Rayquaza,105,150,90,150,90,95,113.0
462,Méga-Rayquaza,105,180,100,180,100,115,130.0
463,Jirachi,100,100,100,100,100,100,100.0
464,Deoxys Forme Normale,50,150,50,150,50,150,100.0
465,Deoxys Forme Attaque,50,180,20,180,20,150,100.0
466,Deoxys Forme Défense,50,70,160,70,160,90,100.0
467,Deoxys Forme Vitesse,50,95,90,95,90,180,100.0
468,Tortipouss,55,68,64,45,55,31,53.0
469,Boskara,75,89,85,55,65,36,67.0
470,Torterra,95,109,105,75,85,56,87.0
471,Ouisticram,44,58,44,58,44,61,51.0
472,Chimpenfeu,64,78,52,78,52,81,67.0
473,Simiabraz,76,104,71,104,71,108,89.0
474,Tiplouf,53,51,53,61,56,40,52.0
475,Prinplouf,64,66,68,81,76,50,67.0
476,Pingoléon,84,86,88,111,101,60,88.0
477,Étourmi,40,55,30,30,30,60,40.0
478,Étourvol,55,75,50,40,40,80,56.0
479,Étouraptor,85,120,70,50,60,100,80.0
480,Keunotor,59,45,40,35,40,31,41.0
481,Castorno,79,85,60,55,60,71,68.0
482,Crikzik,37,25,41,25,41,25,32.0
483,Mélokrik,77,85,51,55,51,65,64.0
484,Lixy,45,65,34,40,34,45,43.0
485,Luxio,60,85,49,60,49,60,60.0
486,Luxray,80,120,79,95,79,70,87.0
487,Rozbouton,40,30,35,50,70,55,46.0
488,Roserade,60,70,65,125,105,90,85.0
489,Kranidos,67,125,40,30,30,58,58.0
490,Charkos,97,165,60,65,50,58,82.0
491,Dinoclier,30,42,118,42,88,30,58.0
492,Bastiodon,60,52,168,47,138,30,82.0
493,Cheniti Cape Plante,40,29,45,29,45,36,37.0
494,Cheniselle Cape Plante,60,59,85,79,105,36,70.0
495,Cheniselle Cape Sable,60,79,105,59,85,36,70.0
496,Cheniselle Cape Déchet,60,69,95,69,95,36,70.0
497,Papilord,70,94,50,94,50,66,70.0
498,Apitrini,30,30,42,30,42,70,40.0
499,Apireine,70,80,102,80,102,40,79.0
500,Pachirisu,60,45,70,45,90,95,67.0
501,Mustébouée,55,65,35,60,30,85,55.0
502,Mustéflott,85,105,55,85,50,115,82.0
503,Ceribou,45,35,45,62,53,35,45.0
504,Ceriflor Temps Couvert,70,60,70,87,78,85,75.0
505,Sancoki Mer Occident,76,48,48,57,62,34,54.0
506,Tritosor Mer Occident,111,83,68,92,82,39,79.0
507,Capidextre,75,100,66,60,66,115,80.0
508,Baudrive,90,50,34,60,44,70,58.0
509,Grodrive,150,80,44,90,54,80,83.0
510,Laporeille,55,66,44,44,56,85,58.0
511,Lockpin,65,76,84,54,96,105,80.0
512,Méga-Lockpin,65,136,94,54,96,135,96.0
513,Magirêve,60,60,60,105,105,105,82.0
514,Corboss,100,125,52,105,52,71,84.0
515,Chaglam,49,55,42,42,37,85,51.0
516,Chaffreux,71,82,64,64,59,112,75.0
517,Korillon,45,30,50,65,50,45,47.0
518,Moufouette,63,63,47,41,41,74,54.0
519,Moufflair,103,93,67,71,61,84,79.0
520,Archéomire,57,24,86,24,86,23,50.0
521,Archéodong,67,89,116,79,116,33,83.0
522,Manzaï,50,80,95,10,45,10,48.0
523,Mime Jr.,20,25,45,70,90,60,51.0
524,Ptiravi,100,5,5,15,65,30,36.0
525,Pijako,76,65,45,92,42,91,68.0
526,Spiritomb,50,92,108,92,108,35,80.0
527,Griknot,58,70,45,40,45,42,50.0
528,Carmache,68,90,65,50,55,82,68.0
529,Carchacrok,108,130,95,80,85,102,100.0
530,Méga-Carchacrok,108,170,115,120,95,92,116.0
531,Goinfrex,135,85,40,40,85,5,65.0
532,Riolu,40,70,40,35,40,60,47.0
533,Lucario,70,110,70,115,70,90,87.0
534,Méga-Lucario,70,145,88,140,70,112,104.0
535,Hippopotas,68,72,78,38,42,32,55.0
536,Hippodocus,108,112,118,68,72,47,87.0
537,Rapion,40,50,90,30,55,65,55.0
538,Drascore,70,90,110,60,75,95,83.0
539,Cradopaud,48,61,40,61,40,50,50.0
540,Coatox,83,106,65,86,65,85,81.0
541,Vortente,74,100,72,90,72,46,75.0
542,Écayon,49,49,56,49,61,66,55.0
543,Luminéon,69,69,76,69,86,91,76.0
544,Babimanta,45,20,50,60,120,50,57.0
545,Blizzi,60,62,50,62,60,40,55.0
546,Blizzaroi,90,92,75,92,85,60,82.0
547,Méga-Blizzaroi,90,132,105,132,105,30,99.0
548,Dimoret,70,120,65,45,85,125,85.0
549,Magnézone,70,70,115,130,90,60,89.0
550,Coudlangue,110,85,95,80,95,50,85.0
551,Rhinastoc,115,140,130,55,55,40,89.0
552,Bouldeneu,100,100,125,110,50,50,89.0
553,Élekable,75,123,67,95,85,95,90.0
554,Maganon,75,95,67,125,95,83,90.0
555,Togekiss,85,50,95,120,115,80,90.0
556,Yanmega,86,76,86,116,56,95,85.0
557,Phyllali,65,110,130,60,65,95,87.0
558,Givrali,65,60,110,130,95,65,87.0
559,Scorvol,75,95,125,45,75,95,85.0
560,Mammochon,110,130,80,70,60,80,88.0
561,Porygon-Z,85,80,70,135,75,90,89.0
562,Gallame,68,125,65,65,115,80,86.0
563,Méga-Gallame,68,165,95,65,115,110,103.0
564,Tarinorme,60,55,145,75,150,40,87.0
565,Noctunoir,45,100,135,65,135,45,87.0
566,Momartik,70,80,70,80,70,110,80.0
567,Motisma,50,50,77,95,77,91,73.0
568,Motisma Chaleur,50,65,107,105,107,86,86.0
569,Motisma Lavage,50,65,107,105,107,86,86.0
570,Motisma Froid,50,65,107,105,107,86,86.0
571,Motisma Hélice,50,65,107,105,107,86,86.0
572,Motisma Tonte,50,65,107,105,107,86,86.0
573,Créhelf,75,75,130,75,130,95,96.0
574,Créfollet,80,105,105,105,105,80,96.0
575,Créfadet,75,125,70,125,70,115,96.0
576,Dialga,100,120,120,150,100,90,113.0
577,Palkia,90,120,100,150,120,100,113.0
578,Heatran,91,90,106,130,106,77,100.0
579,Regigigas,110,160,110,80,110,100,111.0
580,Giratina Forme Alternative,150,100,120,100,120,90,113.0
581,Giratina Forme Originelle,150,120,100,120,100,90,113.0
582,Cresselia,120,70,120,75,130,85,100.0
583,Phione,80,80,80,80,80,80,80.0
584,Manaphy,100,100,100,100,100,100,100.0
585,Darkrai,70,90,90,135,90,125,100.0
586,Shaymin Forme Terrestre,100,100,100,100,100,100,100.0
587,Shaymin Forme Céleste,100,103,75,120,75,127,100.0
588,Arceus,120,120,120,120,120,120,120.0
589,Arceus Insecte,120,120,120,120,120,120,120.0
590,Arceus Ténèbres,120,120,120,120,120,120,120.0
591,Arceus Dragon,120,120,120,120,120,120,120.0
592,Arceus Électrik,120,120,120,120,120,120,120.0
593,Arceus Combat,120,120,120,120,120,120,120.0
594,Arceus Feu,120,120,120,120,120,120,120.0
595,Arceus Vol,120,120,120,120,120,120,120.0
596,Arceus Spectre,120,120,120,120,120,120,120.0
597,Arceus Plante,120,120,120,120,120,120,120.0
598,Arceus Sol,120,120,120,120,120,120,120.0
599,Arceus Glace,120,120,120,120,120,120,120.0
600,Arceus Poison,120,120,120,120,120,120,120.0
601,Arceus Psy,120,120,120,120,120,120,120.0
602,Arceus Roche,120,120,120,120,120,120,120.0
603,Arceus Acier,120,120,120,120,120,120,120.0
604,Arceus Eau,120,120,120,120,120,120,120.0
605,Arceus Fée,120,120,120,120,120,120,120.0
606,Victini,100,100,100,100,100,100,100.0
607,Vipélierre,45,45,55,45,55,63,51.0
608,Lianaja,60,60,75,60,75,83,68.0
609,Majaspic,75,75,95,75,95,113,88.0
610,Gruikui,65,63,45,45,45,45,51.0
611,Grotichon,90,93,55,70,55,55,69.0
612,Roitiflam,110,123,65,100,65,65,88.0
613,Moustillon,55,55,45,63,45,45,51.0
614,Mateloutre,75,75,60,83,60,60,68.0
615,Clamiral,95,100,85,108,70,70,88.0
616,Ratentif,45,55,39,35,39,42,42.0
617,Miradar,60,85,69,60,69,77,70.0
618,Ponchiot,45,60,45,25,45,55,45.0
619,Ponchien,65,80,65,35,65,60,61.0
620,Mastouffe,85,110,90,45,90,80,83.0
621,Chacripan,41,50,37,50,37,66,46.0
622,Léopardus,64,88,50,88,50,106,74.0
623,Feuillajou,50,53,48,53,48,64,52.0
624,Feuiloutan,75,98,63,98,63,101,83.0
625,Flamajou,50,53,48,53,48,64,52.0
626,Flamoutan,75,98,63,98,63,101,83.0
627,Flotajou,50,53,48,53,48,64,52.0
628,Flotoutan,75,98,63,98,63,101,83.0
629,Munna,76,25,45,67,55,24,48.0
630,Mushana,116,55,85,107,95,29,81.0
631,Poichigeon,50,55,50,36,30,43,44.0
632,Colombeau,62,77,62,50,42,65,59.0
633,Déflaisan,80,115,80,65,55,93,81.0
634,Zébibron,45,60,32,50,32,76,49.0
635,Zéblitz,75,100,63,80,63,116,82.0
636,Nodulithe,55,75,85,25,25,15,46.0
637,Géolithe,70,105,105,50,40,20,65.0
638,Gigalithe,85,135,130,60,80,25,85.0
639,Chovsourir,65,45,43,55,43,72,53.0
640,Rhinolove,67,57,55,77,55,114,70.0
641,Rototaupe,60,85,40,30,45,68,54.0
642,Minotaupe,110,135,60,50,65,88,84.0
643,Nanméouïe,103,60,86,60,86,50,74.0
644,Méga-Nanmeouie,103,60,126,80,126,50,90.0
645,Charpenti,75,80,55,25,35,35,50.0
646,Ouvrifier,85,105,85,40,50,40,67.0
647,Bétochef,105,140,95,55,65,45,84.0
648,Tritonde,50,50,40,50,40,64,49.0
649,Batracné,75,65,55,65,55,69,64.0
650,Crapustule,105,95,75,85,75,74,84.0
651,Judokrak,120,100,85,30,85,45,77.0
652,Karaclée,75,125,75,30,75,85,77.0
653,Larveyette,45,53,70,40,60,42,51.0
654,Couverdure,55,63,90,50,80,42,63.0
655,Manternel,75,103,80,70,80,92,83.0
656,Venipatte,30,45,59,30,39,57,43.0
657,Scobolide,40,55,99,40,79,47,60.0
658,Brutapode,60,100,89,55,69,112,80.0
659,Doudouvet,40,27,60,37,50,66,46.0
660,Farfaduvet,60,67,85,77,75,116,80.0
661,Chlorobule,45,35,50,70,50,30,46.0
662,Fragilady,70,60,75,110,75,90,80.0
663,Bargantua Motif Rouge,70,92,65,80,55,98,76.0
664,Bargantua Motif Bleu,70,92,65,80,55,98,76.0
665,Mascaïman,50,72,35,35,35,65,48.0
666,Escroco,60,82,45,45,45,74,58.0
667,Crocorible,95,117,80,65,70,92,86.0
668,Darumarond,70,90,45,15,45,50,52.0
669,Darumarond de Galar,70,90,45,15,45,50,52.0
670,Darumacho,105,140,55,30,55,95,80.0
671,Darumacho Mode Transe,105,30,105,140,105,55,90.0
672,Darumacho de Galar,105,140,55,30,55,95,80.0
673,Darumacho G. Mode Transe,105,160,55,30,55,135,90.0
674,Maracachi,75,86,67,106,67,60,76.0
675,Crabicoque,50,65,85,35,35,55,54.0
676,Crabaraque,70,105,125,65,75,45,80.0
677,Baggiguane,50,75,70,35,70,48,58.0
678,Baggaïd,65,90,115,45,115,58,81.0
679,Cryptéro,72,58,80,103,80,97,81.0
680,Tutafeh,38,30,85,55,65,30,50.0
681,Tutafeh de Galar,38,55,85,30,65,30,50.0
682,Tutankafer,58,50,145,95,105,30,80.0
683,Carapagos,54,78,103,53,45,22,59.0
684,Mégapagos,74,108,133,83,65,32,82.0
685,Arkéapti,55,112,45,74,45,70,66.0
686,Aéroptéryx,75,140,65,112,65,110,94.0
687,Miamiasme,50,50,62,40,62,65,54.0
688,Miasmax,80,95,82,60,82,75,79.0
689,Zorua,40,65,40,80,40,65,55.0
690,Zoroark,60,105,60,120,60,105,85.0
691,Chinchidou,55,50,40,40,40,75,50.0
692,Pashmilla,75,95,60,65,60,115,78.0
693,Scrutella,45,30,50,55,65,45,48.0
694,Mesmérella,60,45,70,75,85,55,65.0
695,Sidérella,70,55,95,95,110,65,81.0
696,Nucléos,45,30,40,105,50,20,48.0
697,Méios,65,40,50,125,60,30,61.0
698,Symbios,110,65,75,125,85,30,81.0
699,Couaneton,62,44,50,44,50,55,50.0
700,Lakmécygne,75,87,63,87,63,98,78.0
701,Sorbébé,36,50,50,65,60,44,50.0
702,Sorboul,51,65,65,80,75,59,65.0
703,Sorbouboul,71,95,85,110,95,79,89.0
704,Vivaldaim Forme Printemps,60,60,50,40,50,75,55.0
705,Haydaim Forme Printemps,80,100,70,60,70,95,79.0
706,Emolga,55,75,60,75,60,103,71.0
707,Carabing,50,75,45,40,45,60,52.0
708,Lançargot,70,135,105,60,105,20,82.0
709,Trompignon,69,55,45,55,55,15,49.0
710,Gaulet,114,85,70,85,80,30,77.0
711,Viskuse,55,40,50,65,85,40,55.0
712,Moyade,100,60,70,85,105,60,80.0
713,Mamanbo,165,75,80,40,45,65,78.0
714,Statitik,50,47,50,57,50,65,53.0
715,Mygavolt,70,77,60,97,60,108,78.0
716,Grindur,44,50,91,24,86,10,50.0
717,Noacier,74,94,131,54,116,20,81.0
718,Tic,40,55,70,45,60,30,50.0
719,Clic,60,80,95,70,85,50,73.0
720,Cliticlic,60,100,115,70,85,90,86.0
721,Anchwatt,35,55,40,45,40,60,45.0
722,Lampéroie,65,85,70,75,70,40,67.0
723,Ohmassacre,85,115,80,105,80,50,85.0
724,Lewsor,55,55,55,85,55,30,55.0
725,Neitram,75,75,75,125,95,40,80.0
726,Funécire,50,30,55,65,55,20,45.0
727,Mélancolux,60,40,60,95,60,55,61.0
728,Lugulabre,60,55,90,145,90,80,86.0
729,Coupenotte,46,87,60,30,40,57,53.0
730,Incisache,66,117,70,40,50,67,68.0
731,Tranchodon,76,147,90,60,70,97,90.0
732,Polarhume,55,70,40,60,40,40,50.0
733,Polagriffe,95,130,80,70,80,50,84.0
734,Hexagel,80,50,50,95,135,105,85.0
735,Escargaume,50,40,85,40,65,25,50.0
736,Limaspeed,80,70,40,100,60,145,82.0
737,Limonde,109,66,84,81,99,32,78.0
738,Limonde de Galar,109,81,99,66,84,32,78.0
739,Kungfouine,45,85,50,55,50,65,58.0
740,Shaofouine,65,125,60,95,60,105,85.0
741,Drakkarmin,77,120,90,60,90,48,80.0
742,Gringolem,59,74,50,35,50,35,50.0
743,Golemastoc,89,124,80,55,80,55,80.0
744,Scalpion,45,85,70,40,40,60,56.0
745,Scalproie,65,125,100,60,70,70,81.0
746,Frison,95,110,95,40,95,55,81.0
747,Furaiglon,70,83,50,37,50,60,58.0
748,Gueriaigle,100,123,75,57,75,80,85.0
749,Vostourno,70,55,75,45,65,60,61.0
750,Vaututrice,110,65,105,55,95,80,85.0
751,Aflamanoir,85,97,66,105,66,65,80.0
752,Fermite,58,109,112,48,48,109,80.0
753,Solochi,52,65,50,45,50,38,50.0
754,Diamat,72,85,70,65,70,58,70.0
755,Trioxhydre,92,105,90,125,90,98,100.0
756,Pyronille,55,85,55,50,55,60,60.0
757,Pyrax,85,60,65,135,105,100,91.0
758,Cobaltium,91,90,129,90,72,108,96.0
759,Terrakium,91,129,90,72,90,108,96.0
760,Viridium,91,90,72,90,129,108,96.0
761,Boréas Forme Avatar,79,115,70,125,80,111,96.0
762,Boréas Forme Totémique,79,100,80,110,90,121,96.0
763,Fulguris Forme Avatar,79,115,70,125,80,111,96.0
764,Fulguris Forme Totémique,79,105,70,145,80,101,96.0
765,Reshiram,100,120,100,150,120,90,113.0
766,Zekrom,100,150,120,120,100,90,113.0
767,Démétéros Forme Avatar,89,125,90,115,80,101,100.0
768,Démétéros Forme Totémique,89,145,90,105,80,91,100.0
769,Kyurem,125,130,90,130,90,95,110.0
770,Kyurem Noir,125,170,100,120,90,95,116.0
771,Kyurem Blanc,125,120,90,170,100,95,116.0
772,Keldeo Aspect Normal,91,72,90,129,90,108,96.0
773,Meloetta Forme Chant,100,77,77,128,128,90,100.0
774,Meloetta Forme Danse,100,128,90,77,77,128,100.0
775,Genesect,71,120,95,120,95,99,100.0
776,Marisson,56,61,65,48,45,38,52.0
777,Boguérisse,61,78,95,56,58,57,67.0
778,Blindépique,88,107,122,74,75,64,88.0
779,Feunnec,40,45,40,62,60,60,51.0
780,Roussil,59,59,58,90,70,73,68.0
781,Goupelin,75,69,72,114,100,104,89.0
782,Grenousse,41,56,40,62,44,71,52.0
783,Croâporal,54,63,52,83,56,97,67.0
784,Amphinobi,72,95,67,103,71,122,88.0
785,Amphinobi Forme Sacha,72,145,67,153,71,132,106.0
786,Sapereau,38,36,38,32,36,57,39.0
787,Excavarenne,85,56,77,50,77,78,70.0
788,Passerouge,45,50,43,40,38,62,46.0
789,Braisillon,62,73,55,56,52,84,63.0
790,Flambusard,78,81,71,74,69,126,83.0
791,Lépidonille,38,35,40,27,25,35,33.0
792,Pérégrain,45,22,60,27,30,29,35.0
793,Prismillon Motif Floraison,80,52,50,90,50,89,68.0
794,Hélionceau,62,50,58,73,54,72,61.0
795,Némélios,86,68,72,109,66,106,84.0
796,Flabébé Fleur Rouge,44,38,39,61,79,42,50.0
797,Floette Fleur Rouge,54,45,47,75,98,52,61.0
798,Florges Fleur Rouge,78,65,68,112,154,75,92.0
799,Cabriolaine,66,65,48,62,57,52,58.0
800,Chevroum,123,100,62,97,81,68,88.0
801,Pandespiègle,67,82,62,46,48,43,58.0
802,Pandarbare,95,124,78,69,71,58,82.0
803,Couafarel Forme Sauvage,75,80,60,65,90,102,78.0
804,Psystigri,62,48,54,63,60,68,59.0
805,Mistigrix Mâle,74,48,76,83,81,104,77.0
806,Mistigrix Femelle,74,48,76,83,81,104,77.0
807,Monorpale,45,80,100,35,37,28,54.0
808,Dimoclès,59,110,150,45,49,35,74.0
809,Exagide Forme Parade,60,50,150,50,150,60,86.0
810,Exagide Forme Assaut,60,150,50,150,50,60,86.0
811,Fluvetin,78,52,60,63,65,23,56.0
812,Cocotine,101,72,72,99,89,29,77.0
813,Sucroquin,62,48,66,59,57,49,56.0
814,Cupcanaille,82,80,86,85,75,72,80.0
815,Sepiatop,53,54,53,37,46,45,48.0
816,Sepiatroce,86,92,88,68,75,73,80.0
817,Opermine,42,52,67,39,56,50,51.0
818,Golgopathe,72,105,115,54,86,68,83.0
819,Venalgue,50,60,60,60,60,30,53.0
820,Kravarech,65,75,90,97,123,44,82.0
821,Flingouste,50,53,62,58,63,44,55.0
822,Gamblast,71,73,88,120,89,59,83.0
823,Galvaran,44,38,33,61,43,70,48.0
824,Iguolta,62,55,52,109,94,109,80.0
825,Ptyranidur,58,89,77,45,45,48,60.0
826,Rexillius,82,121,119,69,59,71,86.0
827,Amagara,77,59,50,67,63,46,60.0
828,Dragmara,123,77,72,99,92,58,86.0
829,Nymphali,95,65,65,110,130,60,87.0
830,Brutalibré,78,92,75,74,63,118,83.0
831,Dedenne,67,58,57,81,67,101,71.0
832,Strassie,50,50,150,50,150,50,83.0
833,Mucuscule,45,50,35,55,75,40,50.0
834,Colimucus,68,75,53,83,113,60,75.0
835,Muplodocus,90,100,70,110,150,80,100.0
836,Trousselin,57,80,91,80,87,75,78.0
837,Brocélôme,43,70,48,50,60,38,51.0
838,Desséliande,85,110,76,65,82,56,79.0
839,Pitrouille Taille Normale,49,66,70,44,55,51,55.0
840,Pitrouille Taille Mini,44,66,70,44,55,56,55.0
841,Pitrouille Taille Maxi,54,66,70,44,55,46,55.0
842,Pitrouille Taille Ultra,59,66,70,44,55,41,55.0
843,Banshitrouye Taille Normale,65,90,122,58,75,84,82.0
844,Banshitrouye Taille Mini,55,85,122,58,75,99,82.0
845,Banshitrouye Taille Maxi,75,95,122,58,75,69,82.0
846,Banshitrouye Taille Ultra,85,100,122,58,75,54,82.0
847,Grelaçon,55,69,85,32,35,28,50.0
848,Séracrawl,95,117,184,44,46,28,85.0
849,Sonistrelle,40,30,35,45,40,55,40.0
850,Bruyverne,85,70,80,97,80,123,89.0
851,Xerneas Mode Paisible,126,131,95,131,98,99,113.0
852,Yveltal,126,131,95,131,98,99,113.0
853,Zygarde Forme 50%,108,100,121,81,95,95,100.0
854,Zygarde Forme 10%,54,100,71,61,85,115,81.0
855,Zygarde Forme Parfaite,216,100,121,91,95,85,118.0
856,Diancie,50,100,150,100,150,50,100.0
857,Méga-Diancie,50,160,110,160,110,110,116.0
858,Hoopa Enchaîné,80,110,60,150,130,70,100.0
859,Hoopa Déchaîné,80,160,60,170,130,80,113.0
860,Volcanion,80,110,120,130,90,70,100.0
861,Brindibou,68,55,55,50,50,42,53.0
862,Efflèche,78,75,75,70,70,52,70.0
863,Archéduc,78,107,75,100,100,70,88.0
864,Flamiaou,45,65,40,60,40,70,53.0
865,Matoufeu,65,85,50,80,50,90,70.0
866,Félinferno,95,115,90,80,90,60,88.0
867,Otaquin,50,54,54,66,56,40,53.0
868,Otarlette,60,69,69,91,81,50,70.0
869,Oratoria,80,74,74,126,116,60,88.0
870,Picassaut,35,75,30,30,30,65,44.0
871,Piclairon,55,85,50,40,50,75,59.0
872,Bazoucan,80,120,75,75,75,60,80.0
873,Manglouton,48,70,30,30,30,45,42.0
874,Argouste,88,110,60,55,60,45,69.0
875,Larvibule,47,62,45,55,45,46,50.0
876,Chrysapile,57,82,95,55,75,36,66.0
877,Lucanon,77,70,90,145,75,43,83.0
878,Crabagarre,47,82,57,42,47,63,56.0
879,Crabominable,97,132,77,62,67,43,79.0
880,Plumeline Style Flamenco,75,70,70,98,70,93,79.0
881,Plumeline Style Pom-Pom,75,70,70,98,70,93,79.0
882,Plumeline Style Hula,75,70,70,98,70,93,79.0
883,Plumeline Style Buyo,75,70,70,98,70,93,79.0
884,Bombydou,40,45,40,55,40,84,50.0
885,Rubombelle,60,55,60,95,70,124,77.0
886,Rocabot,45,65,40,30,40,60,46.0
887,Lougaroc Forme Diurne,75,115,65,55,65,112,81.0
888,Lougaroc Forme Nocturne,85,115,75,55,75,82,81.0
889,Lougaroc Forme Crépusculaire,75,117,65,55,65,110,81.0
890,Froussardine Forme Solitaire,45,20,20,25,25,40,29.0
891,Froussardine Forme Banc,45,140,130,140,135,30,103.0
892,Vorastérie,50,53,62,43,52,45,50.0
893,Prédastérie,50,63,152,53,142,35,82.0
894,Tiboudet,70,100,70,45,55,45,64.0
895,Bourrinos,100,125,100,55,85,35,83.0
896,Araqua,38,40,52,40,72,27,44.0
897,Tarenbulle,68,70,92,50,132,42,75.0
898,Mimantis,40,55,35,50,35,35,41.0
899,Floramantis,70,105,90,80,90,45,80.0
900,Spododo,40,35,55,65,75,15,47.0
901,Lampignon,60,45,80,90,100,30,67.0
902,Tritox,48,44,40,71,40,77,53.0
903,Malamandre,68,64,60,111,60,117,80.0
904,Nounourson,70,75,50,45,50,50,56.0
905,Chelours,120,125,80,55,60,60,83.0
906,Croquine,42,30,38,30,38,32,35.0
907,Candine,52,40,48,40,48,62,48.0
908,Sucreine,72,120,98,50,98,72,85.0
909,Guérilande,51,52,90,82,110,100,80.0
910,Gouroutan,90,60,80,90,110,60,81.0
911,Quartermac,100,120,90,40,60,80,81.0
912,Sovkipou,25,35,40,20,30,80,38.0
913,Sarmuraï,75,125,140,60,90,40,88.0
914,Bacabouh,55,55,80,70,45,15,53.0
915,Trépassable,85,75,110,100,75,35,80.0
916,Concombaffe,55,60,130,30,130,5,68.0
917,Type:0,95,95,95,95,95,59,89.0
918,Silvallié,95,95,95,95,95,95,95.0
919,Silvallié Insecte,95,95,95,95,95,95,95.0
920,Silvallié Ténèbres,95,95,95,95,95,95,95.0
921,Silvallié Dragon,95,95,95,95,95,95,95.0
922,Silvallié Électrik,95,95,95,95,95,95,95.0
923,Silvallié Combat,95,95,95,95,95,95,95.0
924,Silvallié Feu,95,95,95,95,95,95,95.0
925,Silvallié Vol,95,95,95,95,95,95,95.0
926,Silvallié Spectre,95,95,95,95,95,95,95.0
927,Silvallié Plante,95,95,95,95,95,95,95.0
928,Silvallié Sol,95,95,95,95,95,95,95.0
929,Silvallié Glace,95,95,95,95,95,95,95.0
930,Silvallié Poison,95,95,95,95,95,95,95.0
931,Silvallié Psy,95,95,95,95,95,95,95.0
932,Silvallié Roche,95,95,95,95,95,95,95.0
933,Silvallié Acier,95,95,95,95,95,95,95.0
934,Silvallié Eau,95,95,95,95,95,95,95.0
935,Silvallié Fée,95,95,95,95,95,95,95.0
936,Météno,60,60,100,60,100,60,73.0
937,Météno Noyau Rouge,60,100,60,100,60,120,83.0
938,Dodoala,65,115,65,75,95,65,80.0
939,Boumata,60,78,135,91,85,36,80.0
940,Togedemaru,65,98,63,40,73,96,72.0
941,Mimiqui,55,90,80,50,105,96,79.0
942,Denticrisse,68,105,70,70,70,92,79.0
943,Draïeul,78,60,85,135,91,36,80.0
944,Sinistrail,70,131,100,86,90,40,86.0
945,Bébécaille,45,55,65,45,45,45,50.0
946,Écaïd,55,75,90,65,70,65,70.0
947,Ékaïser,75,110,125,100,105,85,100.0
948,Tokorico,70,115,85,95,75,130,95.0
949,Tokopiyon,70,85,75,130,115,95,95.0
950,Tokotoro,70,130,115,85,95,75,95.0
951,Tokopisco,70,75,115,95,130,85,95.0
952,Cosmog,43,29,31,29,31,37,33.0
953,Cosmovum,43,29,131,29,131,37,66.0
954,Solgaleo,137,137,107,113,89,97,113.0
955,Lunala,137,113,89,137,107,97,113.0
956,Zéroïd,109,53,47,127,131,103,95.0
957,Mouscoto,107,139,139,53,53,79,95.0
958,Cancrelove,71,137,37,137,37,151,95.0
959,Câblifère,83,89,71,173,71,83,95.0
960,Bamboiselle,97,101,103,107,101,61,95.0
961,Katagami,59,181,131,59,31,109,95.0
962,Engloutyran,223,101,53,97,53,43,95.0
963,Necrozma,97,107,101,127,89,79,100.0
964,Necrozma Crinière du Couchant,97,157,127,113,109,77,113.0
965,Necrozma Ailes de l'Aurore,97,113,109,157,127,77,113.0
966,Ultra-Necrozma,97,167,97,167,97,129,125.0
967,Magearna,80,95,115,130,115,65,100.0
968,Marshadow,90,125,80,90,90,125,100.0
969,Vémini,67,73,67,73,67,73,70.0
970,Mandrillon,73,73,73,127,73,121,90.0
971,Ama-Ama,61,131,211,53,101,13,95.0
972,Pierroteknik,53,127,53,151,79,107,95.0
973,Zeraora,88,112,75,102,80,143,100.0
974,Meltan,46,65,65,55,35,34,50.0
975,Melmetal,135,143,143,80,65,34,100.0
976,Ouistempo,50,65,50,40,40,65,51.0
977,Badabouin,70,85,70,55,60,80,70.0
978,Gorythmic,100,125,90,60,70,85,88.0
979,Flambino,50,71,40,40,40,69,51.0
980,Lapyro,65,86,60,55,60,94,70.0
981,Pyrobut,80,116,75,65,75,119,88.0
982,Larméléon,50,40,40,70,40,70,51.0
983,Arrozard,65,60,55,95,55,90,70.0
984,Lézargus,70,85,65,125,65,120,88.0
985,Rongourmand,70,55,55,35,35,25,45.0
986,Rongrigou,120,95,95,55,75,20,76.0
987,Minisange,38,47,35,33,35,57,40.0
988,Bleuseille,68,67,55,43,55,77,60.0
989,Corvaillus,98,87,105,53,85,67,82.0
990,Larvadar,25,20,20,25,45,45,30.0
991,Coléodôme,50,35,80,50,90,30,55.0
992,Astronelle,60,45,110,80,120,90,84.0
993,Goupilou,40,28,28,47,52,50,40.0
994,Roublenard,70,58,58,87,92,90,75.0
995,Tournicoton,40,40,60,40,60,10,41.0
996,Blancoton,60,50,90,80,120,60,76.0
997,Moumouton,42,40,55,40,45,48,45.0
998,Moumouflon,72,80,100,60,90,88,81.0
999,Khélocrok,50,64,50,38,38,44,47.0
1000,Torgamord,90,115,90,48,68,74,80.0
1001,Voltoutou,59,45,50,40,50,26,45.0
1002,Fulgudog,69,90,60,90,60,121,81.0
1003,Charbi,30,40,50,40,50,30,40.0
1004,Wagomine,80,60,90,60,70,50,68.0
1005,Monthracite,110,80,120,80,90,30,85.0
1006,Verpom,40,40,80,40,40,20,43.0
1007,Pomdrapi,70,110,80,95,60,70,80.0
1008,Dratatin,110,85,80,100,80,30,80.0
1009,Dunaja,52,57,75,35,50,46,52.0
1010,Dunaconda,72,107,125,65,70,71,85.0
1011,Nigosier,70,85,55,85,95,85,79.0
1012,Embrochet,41,63,40,40,30,66,46.0
1013,Hastacuda,61,123,60,60,50,136,81.0
1014,Toxizap,40,38,35,54,35,40,40.0
1015,Salarsen Forme Aigüe,75,98,70,114,70,75,83.0
1016,Salarsen Forme Grave,75,98,70,114,70,75,83.0
1017,Grillepattes,50,65,45,50,50,45,50.0
1018,Scolocendre,100,115,65,90,90,65,87.0
1019,Poulpaf,50,68,60,50,50,32,51.0
1020,Krakos,80,118,90,70,80,42,80.0
1021,Théffroi,40,45,45,74,54,50,51.0
1022,Polthégeist,60,65,65,134,114,70,84.0
1023,Bibichut,42,30,45,56,53,39,44.0
1024,Chapotus,57,40,65,86,73,49,61.0
1025,Sorcilence,57,90,95,136,103,29,85.0
1026,Grimalin,45,45,30,55,40,50,44.0
1027,Fourbelin,65,60,45,75,55,70,61.0
1028,Angoliath,95,120,65,95,75,60,85.0
1029,Ixon,93,90,101,60,81,95,86.0
1030,Berserkatt,70,110,100,50,60,50,73.0
1031,Corayôme,60,95,50,145,130,30,85.0
1032,Palarticho,62,135,95,68,82,65,84.0
1033,M. Glaquette,80,85,75,110,100,70,86.0
1034,Tutétékri,58,95,145,50,105,30,80.0
1035,Crèmy,45,40,40,50,61,34,45.0
1036,Charmilly Lait Vanille,65,60,75,110,121,64,82.0
1037,Hexadron,65,100,100,70,60,75,78.0
1038,Wattapik,48,101,95,91,85,15,72.0
1039,Frissonille,30,25,35,45,30,20,30.0
1040,Beldeneige,70,65,60,125,90,65,79.0
1041,Dolman,100,125,135,20,20,70,78.0
1042,Bekaglaçon,75,80,110,65,90,50,78.0
1043,Bekaglaçon Tête Dégel,75,80,70,65,50,130,78.0
1044,Wimessir,60,65,55,105,95,95,79.0
1045,Wimessir Femelle,70,55,65,95,105,85,79.0
1046,Morpeko,58,95,58,70,58,97,72.0
1047,Charibari,72,80,49,40,49,40,55.0
1048,Pachyradjah,122,130,69,80,69,30,83.0
1049,Galvagon,90,100,90,80,70,75,84.0
1050,Galvagla,90,100,90,90,80,55,84.0
1051,Hydragon,90,90,100,70,80,75,84.0
1052,Hydragla,90,90,100,80,90,55,84.0
1053,Duralugon,70,95,115,120,50,85,89.0
1054,Fantyrm,28,60,30,40,30,82,45.0
1055,Dispareptil,68,80,50,60,50,102,68.0
1056,Lanssorien,88,120,75,100,75,142,100.0
1057,Zacian Héros Aguerri,92,130,115,80,115,138,111.0
1058,Zacian Épée Suprême,92,170,115,80,115,148,120.0
1059,Zamazenta Héros Aguerri,92,130,115,80,115,138,111.0
1060,Zamazenta Bouclier Suprême,92,130,145,80,145,128,120.0
1061,Éthernatos,140,85,95,145,95,130,115.0
1062,Wushours,60,90,60,53,50,72,64.0
1063,Shifours style Poing Final,100,130,100,63,60,97,91.0
1064,Shifours style Mille Poings,100,130,100,63,60,97,91.0
1065,Zarude,105,120,105,70,95,105,100.0
1066,Regieleki,80,100,50,100,50,200,96.0
1067,Regidrago,200,100,50,100,50,80,96.0
1068,Blizzeval,100,145,130,65,110,30,96.0
1069,Spectreval,100,65,60,145,80,130,96.0
1070,Sylveroy,100,80,80,80,80,80,83.0
1071,Sylveroy Cavalier du Froid,100,165,150,85,130,50,113.0
1072,Sylveroy Cavalier d'Effroi,100,85,80,165,100,150,113.0
